image_id,image_path,vgg16_raw_score,vgg16_adjusted_score,resnet18_raw_score,resnet18_adjusted_score,resnet50_raw_score,resnet50_adjusted_score,ensemble_raw_score,ensemble_adjusted_score
p0_img0,data/raw/p0_img0.png,8.627708435058594,8.351193040246413,8.904298782348633,8.62114679313697,8.257041931152344,8.444445384388555,1.1294684107447133,1.203813866826601
p0_img1,data/raw/p0_img1.png,7.023547649383545,7.072275206243841,6.928619861602783,7.370808053517984,5.983437538146973,6.94430661264439,-0.5228335815162565,-0.029224346771549965
p0_img10,data/raw/p0_img10.png,8.375109672546387,8.072420950070292,8.511606216430664,8.429497260340998,7.25680685043335,6.961273655430131,0.6710391191011533,0.5965364483859044
p0_img11,data/raw/p0_img11.png,8.744161605834961,8.445421959567824,8.376714706420898,8.42417173819743,8.000565528869629,7.9767054912086595,1.0017799305842365,1.0608181228243874
p0_img12,data/raw/p0_img12.png,7.074916839599609,7.163499311254625,7.4607625007629395,7.023866041164288,8.618182182312012,8.285542589523397,0.34822080252412396,0.3515874801646038
p0_img13,data/raw/p0_img13.png,8.487112998962402,8.410091820046997,8.636636734008789,8.520812924122797,9.459686279296875,8.465722747533363,1.3655311401885992,1.2150213336344489
p0_img14,data/raw/p0_img14.png,7.917430400848389,7.727992493582105,7.853288650512695,7.688210133298378,6.980985164642334,7.754845437262131,0.2876950949945282,0.5522732251597845
p0_img15,data/raw/p0_img15.png,7.807536602020264,7.748245508739569,8.245604515075684,8.381739338758551,8.60431957244873,7.495599913175549,0.7811031720988605,0.6170049244676354
p0_img16,data/raw/p0_img16.png,8.176464080810547,7.850374112175527,8.771036148071289,8.329248207520063,8.068703651428223,7.7329597888232025,0.873467835305144,0.7216683614042251
p0_img17,data/raw/p0_img17.png,8.27141284942627,8.191423393269444,8.59428596496582,8.554489467795467,8.767071723937988,8.138339396885085,1.0757789381778584,1.0309318611477714
p0_img18,data/raw/p0_img18.png,8.685413360595703,8.583156582798827,8.729427337646484,8.297478786025918,8.444428443908691,8.39249360342495,1.1721424660742705,1.220346572680835
p0_img19,data/raw/p0_img19.png,7.892553806304932,7.986417939509118,7.400331974029541,7.772629527259785,8.139935493469238,7.143990568121358,0.5214652321479227,0.4883637365089483
p0_img2,data/raw/p0_img2.png,8.096785545349121,7.912803189336902,8.28390884399414,8.102996840742462,7.216620445251465,7.636606541102256,0.5070651276017016,0.6736236864480009
p0_img20,data/raw/p0_img20.png,9.261825561523438,9.331578698490585,8.743741989135742,8.403055224710258,8.855986595153809,7.908901317296464,1.5181257230556053,1.4020366538091784
p0_img21,data/raw/p0_img21.png,7.9609575271606445,7.919971566984368,7.8445892333984375,7.866547773590566,6.845096588134766,7.031519814000709,0.26445581960534215,0.44483230965094295
p0_img22,data/raw/p0_img22.png,8.627310752868652,8.427535259576224,8.671037673950195,8.138314028908002,9.022584915161133,8.130844265481175,1.302725804526303,1.0446874322094997
p0_img23,data/raw/p0_img23.png,7.785282611846924,7.527507505266495,7.669078826904297,7.586212172440432,7.977561950683594,8.136198974412425,0.48432591882221904,0.5663415928720658
p0_img24,data/raw/p0_img24.png,7.685192108154297,7.53133295598849,-5.6605448722839355,-4.698278400610002,7.584341049194336,7.548641251143587,-2.203714520615527,-2.017894555487356
p0_img25,data/raw/p0_img25.png,8.405662536621094,8.250730237607169,8.45248031616211,8.485288459621481,8.664490699768066,8.078150539345383,1.0722798712231378,1.0234369486896198
p0_img26,data/raw/p0_img26.png,8.157917976379395,8.115996706325642,8.221381187438965,8.32171152761108,7.777275562286377,8.054811831368111,0.6786653863730647,0.9285818259765121
p0_img27,data/raw/p0_img27.png,7.779766082763672,7.741671537886024,8.153939247131348,8.169249703255748,7.276766300201416,6.951885607300208,0.37505383771142276,0.4060372349327142
p0_img28,data/raw/p0_img28.png,8.44514274597168,8.390191226004093,8.097543716430664,8.035576948736908,9.317402839660645,8.234462062551644,1.2059817157361412,1.040895319126638
p0_img29,data/raw/p0_img29.png,8.745735168457031,8.562313923584528,9.137283325195312,8.853320722838918,9.030571937561035,8.824365576180595,1.44019978734938,1.4529494859362186
p0_img3,data/raw/p0_img3.png,7.968957901000977,8.0283221594053,7.678386211395264,7.542723999242281,7.7606635093688965,7.745561614428522,0.49645471151490767,0.6450241667128611
p0_img4,data/raw/p0_img4.png,7.770760536193848,7.942231937837547,7.965393543243408,7.887333071810167,7.348708629608154,7.574332178590332,0.3561049745527152,0.6244622017013327
p0_img5,data/raw/p0_img5.png,8.396783828735352,8.28792397967073,8.168807029724121,8.200609985313731,9.103311538696289,8.488252574443926,1.1396581574267615,1.1087429065875296
p0_img6,data/raw/p0_img6.png,7.924252986907959,7.923948438196685,7.678434371948242,7.4847977667025605,6.825092315673828,6.681204958109877,0.2127401298176027,0.2643501005049488
p0_img7,data/raw/p0_img7.png,8.329534530639648,8.172963321929844,8.31283950805664,8.158829199319397,6.6982245445251465,7.578303995443077,0.45640326999789416,0.7741797203369835
p0_img8,data/raw/p0_img8.png,8.350604057312012,8.241964937307177,8.479097366333008,8.50356361876539,8.191457748413086,8.032661486486786,0.9211580546427663,1.0094527436331457
p0_img9,data/raw/p0_img9.png,8.491119384765625,8.449229493494252,8.493551254272461,8.806660750323422,8.019805908203125,8.228187482389421,0.9302050915941983,1.214370887604373
p0_seed0,data/raw/p0_seed0.jpg,6.87959098815918,7.032287737947184,7.8071818351745605,7.329226651432128,6.177091121673584,6.2459127773725065,-0.3570124712160098,-0.2679340562532066
p0_seed1,data/raw/p0_seed1.jpg,8.308241844177246,8.214042479879318,7.477532863616943,6.493829045928648,8.093965530395508,7.175375977474331,0.6861810793023553,0.34159603518893683
p0_seed10,data/raw/p0_seed10.jpg,7.902177333831787,7.770509580544063,7.6900153160095215,7.2891983445449355,7.310811996459961,7.372844299436332,0.3444764788461652,0.374622994759513
p0_seed11,data/raw/p0_seed11.jpg,7.721667766571045,7.5835231312196605,6.539597988128662,6.313366690300777,6.9759087562561035,6.839120225517491,-0.040581281560944545,-0.057313721556694563
p0_seed12,data/raw/p0_seed12.jpg,6.425693988800049,6.4738776662924025,7.75824499130249,7.139474399607678,7.3882737159729,7.131425494294861,-0.19982180741264222,-0.2644199707783914
p0_seed13,data/raw/p0_seed13.jpg,8.016693115234375,7.849572398592109,8.180198669433594,8.063054338253059,8.084306716918945,7.366959718859217,0.7027702647415667,0.5570345568555563
p0_seed14,data/raw/p0_seed14.jpg,7.413932800292969,6.826439915917562,7.18949556350708,6.7969368172027655,6.619131565093994,5.434483234351275,-0.139145886727014,-0.7059140940185467
p0_seed15,data/raw/p0_seed15.jpg,6.783443927764893,6.787306409843418,4.6601643562316895,1.875953049713925,6.836997985839844,6.363299809909261,-0.8059244373442159,-1.4011216760518146
p0_seed16,data/raw/p0_seed16.jpg,7.552340030670166,7.464241696328194,6.751392841339111,6.767810666337252,7.070932865142822,7.291403385858433,-0.03967538327847673,0.12101542410623174
p0_seed17,data/raw/p0_seed17.jpg,4.649801254272461,4.525856864720038,4.889904499053955,4.769102807425065,5.796963214874268,4.716826012536347,-1.8952747388114177,-2.273520198935735
p0_seed18,data/raw/p0_seed18.jpg,7.687204837799072,7.388707438351137,7.826395034790039,7.578346921320206,8.228677749633789,8.13464691490013,0.5472298134697818,0.5069773986069119
p0_seed19,data/raw/p0_seed19.jpg,8.147558212280273,7.9715390202155545,8.617729187011719,8.558830288922326,8.801194190979004,8.852849733615054,1.0413525475902372,1.1599163337056395
p0_seed2,data/raw/p0_seed2.jpg,6.1073760986328125,5.690526764635943,5.85026741027832,6.248414637353585,5.360778331756592,5.113800212809808,-1.2646957061861197,-1.3809445969974412
p0_seed20,data/raw/p0_seed20.jpg,8.178153038024902,7.844428078960759,7.659896373748779,7.554627422121467,6.576662540435791,7.040767385488163,0.23815213882617425,0.35536899014695605
p0_seed21,data/raw/p0_seed21.jpg,5.572694301605225,5.797830330478524,6.133816242218018,6.032677635081727,5.3042521476745605,4.773643308545574,-1.436604487522274,-1.4831106809711798
p0_seed22,data/raw/p0_seed22.jpg,8.678254127502441,8.456363348604112,8.054052352905273,7.807124706123188,8.925651550292969,9.005713678194976,1.1777108594980936,1.2598711426682385
p0_seed23,data/raw/p0_seed23.jpg,5.866836071014404,5.978165780763597,6.877748489379883,5.556818616397362,5.650729179382324,5.732465290759195,-1.0810305099336464,-1.2079300179842793
p0_seed24,data/raw/p0_seed24.jpg,7.743199348449707,7.337205505788382,5.749862194061279,5.527797469523477,7.990915775299072,7.299850493937912,0.10634825783844609,-0.17172218946957377
p0_seed25,data/raw/p0_seed25.jpg,7.578346252441406,7.557228004190199,7.963473796844482,7.278416728807041,8.086404800415039,7.283478872600956,0.4901275138264225,0.25700085411952583
p0_seed26,data/raw/p0_seed26.jpg,6.583858966827393,6.558508412535819,7.125678539276123,6.978687983495311,6.942995071411133,6.415906437791273,-0.38484106276328406,-0.48023415260546093
p0_seed27,data/raw/p0_seed27.jpg,6.730408668518066,6.7239507217380305,-3.261826753616333,-3.021666146674355,6.2872748374938965,6.150626468859838,-2.4908494343058867,-2.4516072936841016
p0_seed28,data/raw/p0_seed28.jpg,8.708606719970703,8.564854881703493,8.582704544067383,8.209587404874382,9.050414085388184,8.402509755600018,1.3257298650588472,1.1986423353599873
p0_seed29,data/raw/p0_seed29.jpg,7.3457255363464355,6.983071491438148,3.9679172039031982,1.4156717127303682,7.875137805938721,7.198965699064207,-0.4216870491740978,-1.1542603505440419
p0_seed3,data/raw/p0_seed3.jpg,6.4492926597595215,6.394838727823224,6.071739673614502,6.131187003831575,5.186827182769775,5.193667050423202,-1.1378800485594356,-1.0884226532125618
p0_seed4,data/raw/p0_seed4.jpg,8.50362777709961,8.688669020407753,8.599485397338867,8.512324267334455,8.014896392822266,7.82494522611946,0.9538775068829652,1.1320725220347514
p0_seed5,data/raw/p0_seed5.jpg,9.214348793029785,8.680372251424666,8.172893524169922,7.908957635077725,8.478449821472168,7.996676163596782,1.2834391854182365,1.0631162300523045
p0_seed6,data/raw/p0_seed6.jpg,6.81984281539917,6.718620667107744,4.179006576538086,3.3957028329082903,6.19545316696167,6.388553928752391,-1.0657450243305047,-1.1241395694521956
p0_seed7,data/raw/p0_seed7.jpg,6.1151204109191895,6.086837496316103,6.489216327667236,6.46194369645706,5.316869258880615,5.105696612348141,-1.1525452032327923,-1.1778673369563581
p0_seed8,data/raw/p0_seed8.jpg,6.17464542388916,6.148486268558679,6.4481730461120605,6.387373618765987,6.230165958404541,6.574213767108384,-0.8771552978539559,-0.7169257124624026
p0_seed9,data/raw/p0_seed9.jpg,8.032402992248535,8.036875482565307,8.163312911987305,8.288658761259892,8.24415397644043,7.519656538385149,0.7511993724674895,0.7254029995572501
p1_img0,data/raw/p1_img0.png,7.030788421630859,6.809394460397913,6.6768059730529785,6.774263104208549,6.837073802947998,8.021124454359418,-0.3250463100009762,0.07536101559330637
p1_img1,data/raw/p1_img1.png,7.089608669281006,7.019880213028073,7.5495781898498535,7.36358058313072,7.623855113983154,6.96765966322781,0.0879888710717411,-0.045130574524742915
p1_img10,data/raw/p1_img10.png,7.1423845291137695,7.4109479002906,7.55698299407959,7.51726810189501,7.4542555809021,7.835850436571248,0.061852205092147484,0.412629467968471
p1_img11,data/raw/p1_img11.png,8.10780143737793,8.095131947272924,8.170428276062012,8.272361949632081,8.258508682250977,7.509781105688243,0.7862215090737225,0.7432547698778477
p1_img12,data/raw/p1_img12.png,7.832990646362305,7.721050902398328,7.6857781410217285,7.674586696530112,8.07392692565918,7.5153165827695325,0.5336403437200339,0.4733259999022568
p1_img13,data/raw/p1_img13.png,7.914732456207275,7.853666330295962,8.15498161315918,7.924463555085795,6.999963760375977,6.751772098920386,0.3494543338987794,0.34304130777669145
p1_img14,data/raw/p1_img14.png,7.8317155838012695,7.813409909961059,7.959326267242432,7.726790580143809,6.879811763763428,6.988895879198332,0.2454592850075208,0.3603711852045757
p1_img15,data/raw/p1_img15.png,7.647761344909668,7.5500169924766105,7.37089204788208,7.671695113040132,6.609368801116943,6.17250500956447,-0.015653684161125447,-0.009453733667230088
p1_img16,data/raw/p1_img16.png,7.273441791534424,7.347687382785745,8.351937294006348,8.164991116676328,7.890818119049072,7.295878156991271,0.38877836516312253,0.34784767293134733
p1_img17,data/raw/p1_img17.png,7.71795129776001,7.562285083522538,8.191641807556152,7.980640587329492,7.161337375640869,7.3165884011421065,0.3251341909916849,0.40675821535708234
p1_img18,data/raw/p1_img18.png,7.76586389541626,7.422792670212588,7.9356513023376465,7.65296029326078,8.452142715454102,7.193177963470243,0.6624655240021425,0.24712942108748281
p1_img19,data/raw/p1_img19.png,8.19667911529541,8.344809007980913,8.5111722946167,8.455800014270409,8.698249816894531,8.03813547528338,1.0110569513961518,1.0442688351100866
p1_img2,data/raw/p1_img2.png,6.528111934661865,6.209530584636761,6.977295398712158,6.6798264434043935,5.647189617156982,5.275330448341074,-0.8036292834988256,-1.032515191790488
p1_img20,data/raw/p1_img20.png,7.6655778884887695,7.55433046722712,8.370779991149902,7.991643976209876,7.424637317657471,7.155620892931715,0.41359066244512405,0.3562928599323505
p1_img21,data/raw/p1_img21.png,8.020819664001465,7.759165740034055,5.214714527130127,3.5313623314160614,7.100221157073975,7.4295491417185895,-0.1399870415164572,-0.34860317200284374
p1_img22,data/raw/p1_img22.png,7.832213878631592,7.7069461422928685,8.669044494628906,8.485944396716944,7.090732574462891,7.271582983664462,0.4407381456339569,0.5516911876742859
p1_img23,data/raw/p1_img23.png,6.880479335784912,7.055917639866917,7.404635429382324,7.059490870606649,6.003206253051758,5.622058069323008,-0.48274913565442695,-0.5021947687477197
p1_img24,data/raw/p1_img24.png,7.832115650177002,7.7874922647507105,8.124671936035156,7.812030652860935,7.492464542388916,7.535758568639791,0.4513930620006969,0.5339591903832464
p1_img25,data/raw/p1_img25.png,7.503987789154053,7.665627282450776,7.289109230041504,7.380163209465357,6.8302836418151855,7.46564689708347,-0.024777160341002247,0.3775450848678347
p1_img26,data/raw/p1_img26.png,6.907945156097412,7.006399333260175,6.891572952270508,7.068164478523437,7.2028584480285645,6.3747465023519805,-0.22830066229660487,-0.29027050665823656
p1_img27,data/raw/p1_img27.png,6.925616264343262,6.843503977804314,6.956190586090088,6.567352361545548,5.9555277824401855,6.146824042650503,-0.5639520408149247,-0.5255051277825036
p1_img28,data/raw/p1_img28.png,8.026396751403809,7.628066926098579,7.7723870277404785,7.734404814567259,7.188164234161377,7.68228537313419,0.3739979957597171,0.49779507216827756
p1_img29,data/raw/p1_img29.png,7.039997100830078,6.995386236690821,6.351881504058838,6.383856334282061,6.339066982269287,6.216489011131221,-0.5249625718078308,-0.47733574546954055
p1_img3,data/raw/p1_img3.png,7.332271099090576,7.156312951045207,7.50719690322876,7.230093409235028,8.904508590698242,7.236444351182475,0.53949924421694,0.06747556759653373
p1_img4,data/raw/p1_img4.png,9.527158737182617,8.497104039432788,4.205946445465088,5.595759445810467,7.99361515045166,7.278116576837758,0.5132445147023553,0.31416305825319096
p1_img5,data/raw/p1_img5.png,6.736520290374756,6.761730421060307,7.029826641082764,7.002147072078165,7.025575160980225,6.735882387914503,-0.3196891946764397,-0.29360773813428676
p1_img6,data/raw/p1_img6.png,7.01317834854126,7.02492549568143,6.885681629180908,7.257204750374266,7.163928985595703,6.255246987030387,-0.1992078868714595,-0.2822196150265878
p1_img7,data/raw/p1_img7.png,7.285583972930908,7.127103808306826,7.88048791885376,7.591285051804638,6.531167507171631,7.131734582860244,-0.08302313967412621,0.09404975547179946
p1_img8,data/raw/p1_img8.png,8.390978813171387,8.116130516159206,7.387063026428223,7.425714756246693,7.991796970367432,7.485155503653069,0.6723577182932057,0.5785797898116006
p1_img9,data/raw/p1_img9.png,7.878414154052734,7.865307878465204,7.812110424041748,7.841482581702267,7.271885871887207,7.83612453493284,0.3473146950638292,0.6639347783641287
p1_seed0,data/raw/p1_seed0.jpg,6.60049295425415,6.635795931687175,6.758878707885742,6.818508747843237,6.633706569671631,6.275906620891012,-0.5361206029260898,-0.5225773396425573
p1_seed1,data/raw/p1_seed1.jpg,7.515193462371826,7.584453430807697,5.94423246383667,4.948831725978146,7.895445346832275,7.38417737338822,0.026716220160889887,-0.15710389695563823
p1_seed10,data/raw/p1_seed10.jpg,5.6222381591796875,5.664281460635989,5.9378838539123535,5.456969284725815,4.898754119873047,4.468051393286033,-1.5698247861025898,-1.7446917893159046
p1_seed11,data/raw/p1_seed11.jpg,6.64547872543335,6.577415423233432,7.0222039222717285,7.000999986860035,6.398254871368408,5.931969600575065,-0.5353429734448928,-0.6163706017934394
p1_seed12,data/raw/p1_seed12.jpg,5.414076805114746,5.291315186784526,4.964527606964111,4.996443145006863,3.606058359146118,4.020674883852946,-2.204539262987168,-2.1260909229985443
p1_seed13,data/raw/p1_seed13.jpg,6.681582927703857,6.713292049657985,7.764050483703613,7.5057284366865975,7.193000316619873,7.361174654496511,-0.15387264759026656,-0.023361291768533743
p1_seed14,data/raw/p1_seed14.jpg,5.059492588043213,5.360472217954983,5.2975335121154785,4.887740237942327,3.557633638381958,4.173513998033306,-2.294066137446969,-2.0719627304507067
p1_seed15,data/raw/p1_seed15.jpg,6.495112419128418,6.254487924617604,5.644007205963135,5.398907818547584,5.926480770111084,6.244421890002487,-0.9908661225383351,-0.9677808541988426
p1_seed16,data/raw/p1_seed16.jpg,5.319714069366455,5.5959855559070215,5.135403156280518,5.128709969920441,5.0310492515563965,4.965266115006948,-1.8036132874041726,-1.684807377858862
p1_seed17,data/raw/p1_seed17.jpg,7.160647392272949,6.837937151292194,6.814545154571533,6.669292421964604,5.528165340423584,5.542102384606905,-0.6202821852402002,-0.6931777894251642
p1_seed18,data/raw/p1_seed18.jpg,7.071653842926025,7.136982908515379,7.979604244232178,7.568235333132279,7.852937698364258,6.976846119837461,0.22796366043315394,0.04614708583221085
p1_seed19,data/raw/p1_seed19.jpg,6.33056116104126,6.310988355685394,5.983260154724121,5.972460784568258,6.289670467376709,5.705434887076973,-0.8875314488914912,-0.9973040182325782
p1_seed2,data/raw/p1_seed2.jpg,6.539022445678711,6.644593367799226,6.211683750152588,6.29779402563407,5.11540412902832,6.100264933452987,-1.0963598050547472,-0.674747948077732
p1_seed20,data/raw/p1_seed20.jpg,7.439529895782471,7.707284089007016,7.757521152496338,7.33656678516083,8.273274421691895,7.618898313402389,0.449630759902951,0.4331875033089639
p1_seed21,data/raw/p1_seed21.jpg,5.685791969299316,5.551149205575334,4.949150085449219,4.936668965235424,3.8201444149017334,3.6500252088972025,-2.0399435026568704,-2.1440381805279696
p1_seed22,data/raw/p1_seed22.jpg,5.831570148468018,5.76084791245637,5.474307537078857,5.489127717613418,4.6201701164245605,4.174942337592588,-1.6551787001173797,-1.7883280780311817
p1_seed23,data/raw/p1_seed23.jpg,5.556751728057861,5.381060823527676,4.657449245452881,4.871298193272166,5.244820594787598,4.248245949901621,-1.7407508110709078,-2.0437720719084904
p1_seed24,data/raw/p1_seed24.jpg,7.045666217803955,6.775689076952507,7.349064350128174,7.034983987334193,6.601990222930908,6.537801259661571,-0.2581492263174667,-0.34211801765350786
p1_seed25,data/raw/p1_seed25.jpg,6.299862861633301,6.1878090723503245,6.144638538360596,5.7903390588647135,6.3882904052734375,5.2736821266285405,-0.8408041857150664,-1.2161884090841155
p1_seed26,data/raw/p1_seed26.jpg,6.01414155960083,6.0354386667704985,6.1589460372924805,6.208085009996345,5.590804576873779,5.196394652043403,-1.1770844930290323,-1.2210211549124586
p1_seed27,data/raw/p1_seed27.jpg,6.173673152923584,6.110129482276012,-0.6974323987960815,-1.1947102994097163,5.346608638763428,5.262550615948999,-2.4888714183096545,-2.6196165927823007
p1_seed28,data/raw/p1_seed28.jpg,7.857183933258057,7.790728428745971,7.848562717437744,7.935302479545696,7.707479000091553,7.37666101008013,0.4698545715932741,0.5106768118587072
p1_seed29,data/raw/p1_seed29.jpg,6.550634384155273,6.546513609082998,6.597894668579102,6.995492437599388,7.67991304397583,6.308024873091708,-0.2886615774212397,-0.5149628738480344
p1_seed3,data/raw/p1_seed3.jpg,6.29806661605835,6.125517902570807,1.737720012664795,3.2357247473175903,5.512720584869385,5.084936134658397,-1.9293446772335239,-1.8000570490952532
p1_seed4,data/raw/p1_seed4.jpg,6.766000747680664,6.640204687223546,7.113198757171631,6.928792465692235,5.785195350646973,5.530982424813764,-0.6451600149621354,-0.7274638987228336
p1_seed5,data/raw/p1_seed5.jpg,5.926123142242432,5.894069232427174,5.831002235412598,6.072900642695003,5.681033611297607,5.419897584313281,-1.2483627613448443,-1.2374053284845765
p1_seed6,data/raw/p1_seed6.jpg,7.335634708404541,7.461013374457131,7.336000442504883,7.1311281843325105,6.753218173980713,6.129972737249581,-0.1038351508592104,-0.16512511542087382
p1_seed7,data/raw/p1_seed7.jpg,6.934940814971924,6.953289350467,6.398539066314697,6.600632591233534,6.931865215301514,6.878022379427168,-0.38864393303942024,-0.2495286063347633
p1_seed8,data/raw/p1_seed8.jpg,5.133347988128662,5.3275449274926405,5.395190715789795,5.201186643131068,4.791019916534424,4.42274214070593,-1.8955860743778394,-1.9477995112296724
p1_seed9,data/raw/p1_seed9.jpg,7.61398983001709,7.62011667200422,7.889145374298096,7.784645679341427,7.028017044067383,6.697889974207834,0.18884063324682254,0.20265005857732477
p2_img0,data/raw/p2_img0.png,6.722998142242432,6.455484169234689,6.886840343475342,6.553911749922195,5.916248798370361,5.27290423496174,-0.6678267583132622,-0.9562963754909085
p2_img1,data/raw/p2_img1.png,6.190511226654053,6.247728719296625,6.7814483642578125,6.383070784069437,5.369406223297119,5.829697815357886,-1.0523993248466874,-0.9049447106925707
p2_img10,data/raw/p2_img10.png,7.761582374572754,7.338604313077983,7.669867038726807,7.312176684132995,7.778653621673584,6.967334639154897,0.4185845608646825,0.0763907835356814
p2_img11,data/raw/p2_img11.png,7.508914470672607,7.240264889816147,7.712371349334717,7.583012145185164,6.5984039306640625,6.752737813991428,-0.008261936399602857,0.023028986309950667
p2_img12,data/raw/p2_img12.png,6.859707355499268,6.781031061048156,7.014156341552734,7.060946478270576,7.213655471801758,7.30168386097266,-0.2208256109237633,-0.1007104648082176
p2_img13,data/raw/p2_img13.png,7.597425937652588,7.648659548666168,8.320104598999023,8.20824430195763,8.995260238647461,8.042354614600658,0.8240696806798836,0.7094526363313437
p2_img14,data/raw/p2_img14.png,8.261507987976074,7.894167069828012,7.912211894989014,8.080832436967464,7.3723320960998535,6.854699193711937,0.5452575454559309,0.4219429233741412
p2_img15,data/raw/p2_img15.png,7.000514030456543,6.977181697781923,7.205832481384277,7.112461771627858,6.378488063812256,6.129883477391742,-0.3667147735813681,-0.36871343907803666
p2_img16,data/raw/p2_img16.png,7.678853511810303,7.668825561692293,8.309680938720703,8.122305337112197,7.8733439445495605,7.212508057018972,0.5348344975503081,0.44662198414289334
p2_img17,data/raw/p2_img17.png,7.97739315032959,7.912191590593946,8.322432518005371,8.040828619953869,8.114212989807129,7.908415311547327,0.7229289431023419,0.744500644577249
p2_img18,data/raw/p2_img18.png,6.6700849533081055,6.573111982245142,6.795655250549316,6.852687973683168,6.332391262054443,5.610157206398764,-0.5875441269033462,-0.7458230388275061
p2_img19,data/raw/p2_img19.png,7.904898166656494,7.689489998084138,8.265710830688477,8.260154731181949,7.542255878448486,7.951233610027043,0.5209593114342413,0.7085616050520432
p2_img2,data/raw/p2_img2.png,7.514902591705322,7.570241892244794,7.921738147735596,7.479896355013242,7.125097751617432,7.142662737397539,0.18378597874716654,0.2586771471425917
p2_img20,data/raw/p2_img20.png,7.724759578704834,7.86496212347471,8.286689758300781,7.926612758805505,7.851603984832764,7.7262088798085715,0.5422855044501647,0.6467763110368088
p2_img21,data/raw/p2_img21.png,8.48437213897705,8.423173807503321,7.558654308319092,7.976120495610702,9.520150184631348,8.451986076451293,1.1764971310693033,1.1095462100373432
p2_img22,data/raw/p2_img22.png,8.302041053771973,8.16799100317436,8.37037181854248,8.21552367268103,8.746345520019531,7.984003023118649,1.0392842297064107,0.9075674149677383
p2_img23,data/raw/p2_img23.png,7.913397312164307,7.9630628470651885,8.142871856689453,8.176428977747987,7.8238654136657715,6.982845510936992,0.581037236476182,0.5084043961666868
p2_img24,data/raw/p2_img24.png,8.25540828704834,8.442691100001321,8.571056365966797,8.360132188291402,8.871679306030273,8.445510882870007,1.0948405443046294,1.1908288438524277
p2_img25,data/raw/p2_img25.png,7.801834583282471,7.670831989712383,8.047394752502441,7.835378166474545,7.741710662841797,7.333769203632238,0.4957183977877187,0.42842473643413154
p2_img26,data/raw/p2_img26.png,6.625557899475098,6.544272771275557,7.345625877380371,6.988497715382598,7.02511739730835,6.644617974272047,-0.30325451516750984,-0.41409892347141336
p2_img27,data/raw/p2_img27.png,7.478855609893799,7.4148280707886824,8.074606895446777,7.836779526908057,7.2610297203063965,7.410654018571615,0.23741083795615825,0.3464894580275975
p2_img28,data/raw/p2_img28.png,6.539686679840088,6.68005011480588,6.936157703399658,7.159886717335855,6.2253875732421875,6.638082697840281,-0.6424116877900445,-0.3264384743648068
p2_img29,data/raw/p2_img29.png,7.559321403503418,7.501838281038787,8.004622459411621,8.083201171804296,8.053524017333984,7.746864886202555,0.4811391643153198,0.5337401984033631
p2_img3,data/raw/p2_img3.png,7.729801654815674,7.296646298293073,8.133659362792969,7.960973861435849,8.069268226623535,7.69629188389906,0.5770676389188233,0.40952457507773676
p2_img4,data/raw/p2_img4.png,7.409574508666992,7.4626170304985475,7.433247089385986,7.382862850522179,6.967715740203857,7.136556959047012,0.004711862124194273,0.19333570339959535
p2_img5,data/raw/p2_img5.png,7.4709296226501465,7.2509035641999615,7.534815311431885,7.070441206280511,6.343609809875488,6.632466062539584,-0.12945082768491026,-0.10981616155714358
p2_img6,data/raw/p2_img6.png,6.966291427612305,6.946933114584089,6.941685199737549,6.988757847381416,6.474238872528076,6.78918000811242,-0.4031726001990695,-0.20337462285817334
p2_img7,data/raw/p2_img7.png,7.286440372467041,7.251039079269179,7.579629421234131,7.52558636485413,7.0431084632873535,7.183678146691165,0.005707882658000203,0.14830987275141047
p2_img8,data/raw/p2_img8.png,8.589068412780762,8.47723316509925,8.493677139282227,8.391381012887992,9.418587684631348,8.412629020169856,1.3666338691561044,1.2011425829842495
p2_img9,data/raw/p2_img9.png,7.024200439453125,6.7365694393142,7.204503536224365,7.059216596679146,5.785201549530029,6.465769271259345,-0.5264722196089818,-0.3756120094135457
p2_seed0,data/raw/p2_seed0.jpg,8.484310150146484,8.694104276101198,8.588850021362305,8.646499685430513,8.61622428894043,8.685187558203365,1.1153599546692605,1.4242430509943576
p2_seed1,data/raw/p2_seed1.jpg,8.56027603149414,8.338528643896897,7.2000346183776855,6.777322734283135,8.689148902893066,8.048382811078348,0.901595410426307,0.716108920761792
p2_seed10,data/raw/p2_seed10.jpg,7.963780879974365,7.3935148085116955,8.014861106872559,8.065305455306625,7.815064430236816,7.570039028433025,0.573939079442577,0.43128553245133877
p2_seed11,data/raw/p2_seed11.jpg,8.98021125793457,8.93667536043534,9.07336711883545,9.019412207740908,9.303627967834473,8.712137541354036,1.597724085994426,1.6057557264735547
p2_seed12,data/raw/p2_seed12.jpg,8.262910842895508,7.851615761540019,7.769000053405762,7.621996100931845,7.599499702453613,7.606719480859199,0.5831842761352057,0.5449858676683692
p2_seed13,data/raw/p2_seed13.jpg,8.14936637878418,8.202327198663696,8.18294906616211,8.163130041806003,7.848299503326416,8.12475385568036,0.6882029318564674,0.9546311598125373
p2_seed14,data/raw/p2_seed14.jpg,6.773589611053467,6.917295721231303,5.923487186431885,5.895415907284273,6.208228588104248,6.393745303295197,-0.7482492312179098,-0.5509287518125269
p2_seed15,data/raw/p2_seed15.jpg,9.178492546081543,8.977962966392777,8.275347709655762,8.52222507400166,8.69659423828125,8.60642620123905,1.3509345791807528,1.493049037523232
p2_seed16,data/raw/p2_seed16.jpg,8.484382629394531,8.344814620189826,8.4908447265625,8.286172546492569,7.510850429534912,7.680332400136193,0.7822417862586891,0.9013919659670049
p2_seed17,data/raw/p2_seed17.jpg,6.070262908935547,5.8005682569407,5.679628849029541,5.727297193316088,6.2246222496032715,5.900828276518892,-1.065957953577475,-1.1963222880098245
p2_seed18,data/raw/p2_seed18.jpg,5.434004783630371,5.381266134699749,5.536212921142578,5.279547284960885,4.330244064331055,4.237176494306097,-1.8818762313172321,-1.9671301073566736
p2_seed19,data/raw/p2_seed19.jpg,7.9447503089904785,7.643846273081637,8.342161178588867,7.92606841904366,7.887707710266113,8.012473346609344,0.6494318322343225,0.6430457735790528
p2_seed2,data/raw/p2_seed2.jpg,8.835140228271484,8.434512847097851,6.924240589141846,6.875885887448869,7.7423624992370605,7.809608452727545,0.6875799431483803,0.7018890631666886
p2_seed20,data/raw/p2_seed20.jpg,8.699732780456543,8.459585591827734,8.934311866760254,8.900276863922645,7.878131866455078,7.619699982211177,1.055635248966185,1.0504928363211075
p2_seed21,data/raw/p2_seed21.jpg,9.373334884643555,9.015003391238464,8.202550888061523,7.902320440646763,8.65755558013916,7.591935271202907,1.4024224770691927,1.0760307869085723
p2_seed22,data/raw/p2_seed22.jpg,8.703506469726562,8.529400230966043,8.498126983642578,8.135049779953668,9.243233680725098,8.46152535509911,1.3624917725170491,1.1874835634695142
p2_seed23,data/raw/p2_seed23.jpg,8.506202697753906,8.293761433465518,8.592131614685059,8.347951213392482,9.042436599731445,8.739098265439099,1.2458377487251464,1.2168890457068742
p2_seed24,data/raw/p2_seed24.jpg,7.952612400054932,7.627755689095179,7.840108394622803,7.566225664408745,7.177351474761963,7.149665834022279,0.3548598210725929,0.3014928800468695
p2_seed25,data/raw/p2_seed25.jpg,7.960469722747803,7.8871126135430725,8.973665237426758,9.029521037892687,7.023034572601318,6.426778223534878,0.5297757868395071,0.4736653262124701
p2_seed26,data/raw/p2_seed26.jpg,7.04075813293457,7.014833098227841,6.21668004989624,6.512893213946725,6.94083833694458,6.709425254089392,-0.3791831519474822,-0.2929549147318675
p2_seed27,data/raw/p2_seed27.jpg,8.751615524291992,8.41914453692687,7.2852864265441895,3.9522627746726022,8.626827239990234,7.783395509314694,0.9751643548634893,0.11495593408875797
p2_seed28,data/raw/p2_seed28.jpg,8.236868858337402,8.365791400101898,9.339052200317383,9.02082053904433,7.885977268218994,8.198524395123483,0.9532851560274986,1.2127455786783106
p2_seed29,data/raw/p2_seed29.jpg,7.795474529266357,7.709818021083479,7.287694931030273,7.450417740003538,7.5503363609313965,7.277767776107413,0.29418834539148797,0.3519802685296092
p2_seed3,data/raw/p2_seed3.jpg,7.794787406921387,7.233061577892113,7.685031414031982,7.359738688563989,8.353055953979492,7.403193644401668,0.5979246493847117,0.1756806744105491
p2_seed4,data/raw/p2_seed4.jpg,8.715364456176758,8.751045133802954,8.18075942993164,7.798495008726449,7.006790637969971,7.548128692863274,0.6704439242358907,0.9332121472590488
p2_seed5,data/raw/p2_seed5.jpg,8.629416465759277,8.184585158166717,9.091819763183594,8.725981671845672,8.322903633117676,7.575010618438297,1.184566113795771,0.8890408371439626
p2_seed6,data/raw/p2_seed6.jpg,8.445882797241211,8.343553827746709,8.627796173095703,8.364878923324618,7.696887969970703,6.890915680735446,0.8461305842851354,0.6743428000873909
p2_seed7,data/raw/p2_seed7.jpg,8.038006782531738,7.873176572602298,7.130327224731445,6.579244523972277,7.35654354095459,7.2866078625995465,0.3042629417597333,0.2515779147720431
p2_seed8,data/raw/p2_seed8.jpg,7.87833833694458,7.763424388177279,8.454270362854004,7.66444017469346,6.948620319366455,7.551558291957118,0.37752715266689124,0.4999538820176382
p2_seed9,data/raw/p2_seed9.jpg,7.990891933441162,8.240270932498124,7.801341533660889,7.923458117309724,8.705099105834961,8.749180699100355,0.797166806360761,1.1147475048186013
p3_img0,data/raw/p3_img0.png,7.165072441101074,7.051467946047986,7.450121879577637,7.523645229029053,6.232553482055664,6.099404504304985,-0.2971748660620815,-0.2668373569377218
p3_img1,data/raw/p3_img1.png,7.135727882385254,7.007557445565396,7.429573059082031,7.111471561844711,7.5877838134765625,6.981604957386985,0.0729823667635227,-0.0953199436073942
p3_img10,data/raw/p3_img10.png,7.808311939239502,7.5388035960776945,7.769769191741943,8.090815351292727,8.200206756591797,7.470688852407493,0.5758707758746809,0.4658614450392906
p3_img11,data/raw/p3_img11.png,7.158541202545166,7.136476660070045,7.562121868133545,7.441709992511168,6.825491428375244,6.642547806506514,-0.109722585397038,-0.08129655825688308
p3_img12,data/raw/p3_img12.png,5.600882530212402,5.790714071963807,5.94140100479126,5.529121738067385,4.419431209564209,4.3539549061033345,-1.713908680780773,-1.7132919088857292
p3_img13,data/raw/p3_img13.png,7.827337741851807,7.712233905415209,8.523547172546387,8.247906454535972,7.611734867095947,7.441806573483857,0.5593662982971197,0.5594300385024688
p3_img14,data/raw/p3_img14.png,8.072312355041504,7.830401440039443,7.420877456665039,7.492383881988188,7.84429407119751,6.555673394887962,0.5117925848507872,0.18871166329245925
p3_img15,data/raw/p3_img15.png,7.927217960357666,7.507006731803863,8.076604843139648,8.275298591270506,7.816246509552002,7.189128864362236,0.5716803868297878,0.402559306675601
p3_img16,data/raw/p3_img16.png,7.7031073570251465,7.487711612119652,8.151061058044434,8.078756350969543,7.868456840515137,7.3189238023330585,0.5127719405136614,0.3958769094564447
p3_img17,data/raw/p3_img17.png,8.01993179321289,7.91673394463817,8.277374267578125,8.00869731656311,8.409829139709473,8.512106948276058,0.8151511179384873,0.9251053832573981
p3_img18,data/raw/p3_img18.png,7.14553689956665,7.017143350282832,7.51620626449585,6.992321118812841,5.994811534881592,5.487233971049565,-0.3599036866515383,-0.5726905430332332
p3_img19,data/raw/p3_img19.png,5.927642345428467,6.106912468754887,6.074464321136475,6.1110648553681495,5.571552276611328,5.027406861738998,-1.2325799834022526,-1.2622818873568542
p3_img2,data/raw/p3_img2.png,7.284121990203857,7.103022578395262,7.0757951736450195,6.675837314972922,6.727209091186523,6.222156744882897,-0.18096918225231626,-0.3739461479096147
p3_img20,data/raw/p3_img20.png,6.8364033699035645,6.825939294035672,6.805035591125488,6.750802429203969,6.4984893798828125,4.913921790421343,-0.47324385036573746,-0.8746982355944545
p3_img21,data/raw/p3_img21.png,8.443950653076172,8.422346411944801,8.394777297973633,8.491674355360939,8.190831184387207,7.30843188594611,0.9415580912285755,0.8596897724258533
p3_img22,data/raw/p3_img22.png,8.001226425170898,7.916996642718712,8.874342918395996,8.65672203366751,7.760367393493652,7.5257675575958425,0.7366458053767643,0.7498253106601026
p3_img23,data/raw/p3_img23.png,7.5756354331970215,7.82661359274641,8.159125328063965,8.136306798044911,7.904229640960693,7.746944332509878,0.47446887122303844,0.6783523963960297
p3_img24,data/raw/p3_img24.png,8.077960014343262,7.447473615301781,8.275588989257812,8.141376196414074,7.305291652679443,6.515493288794436,0.5233233791420651,0.1452781897203884
p3_img25,data/raw/p3_img25.png,7.582483768463135,7.516096881678882,8.070016860961914,8.086368822778434,9.18745231628418,8.502602191556111,0.8252915452210295,0.7718714163833705
p3_img26,data/raw/p3_img26.png,7.65969181060791,7.557692502473502,7.582650184631348,7.5952087344239745,7.855156421661377,7.518861638666388,0.38377312828925275,0.3913724395573943
p3_img27,data/raw/p3_img27.png,7.027985572814941,6.9073305912010685,7.125416278839111,7.170256972980029,6.287642002105713,6.462709149676367,-0.397087625333544,-0.2842505910223147
p3_img28,data/raw/p3_img28.png,7.690701484680176,7.565827979140336,7.340096950531006,7.360511529684668,7.852240085601807,6.5775680210417695,0.3489478636012977,0.06028246762292938
p3_img29,data/raw/p3_img29.png,7.6440110206604,7.598516609202009,7.713443756103516,7.907422747102889,7.170121192932129,7.262312013484063,0.20761105525088241,0.39075466563353345
p3_img3,data/raw/p3_img3.png,7.125119209289551,6.804758755482447,7.768265724182129,7.254214313563901,6.843003273010254,5.090972077688071,-0.07862063452638161,-0.7306007733620575
p3_img4,data/raw/p3_img4.png,7.381840229034424,7.453572544015754,6.832767486572266,6.8408222257790285,6.621479511260986,6.694248599472365,-0.21896233479784669,-0.052111496657938634
p3_img5,data/raw/p3_img5.png,7.671148777008057,7.8748962291205045,7.966446876525879,8.075519256618403,6.813448429107666,6.822542349758655,0.1649321402726865,0.4030847694999433
p3_img6,data/raw/p3_img6.png,7.609348773956299,7.490743204188474,7.730813980102539,7.651316508339893,7.231323719024658,7.061602032825604,0.2147296177188239,0.23455711646938723
p3_img7,data/raw/p3_img7.png,7.356494426727295,7.480746887055684,7.807197093963623,7.883034422240071,7.335422039031982,7.939932630190314,0.15967267022190443,0.5449977792806237
p3_img8,data/raw/p3_img8.png,7.780184268951416,7.5977435022659305,8.360382080078125,8.626834827390716,7.86444091796875,7.70419288509232,0.5817096941482713,0.6667501515617075
p3_img9,data/raw/p3_img9.png,7.276062965393066,7.287213793822856,7.576412677764893,7.6238373690794665,6.51680326461792,6.503501615127859,-0.1487172337825393,-0.02596436177622073
p3_seed0,data/raw/p3_seed0.jpg,6.163599967956543,6.404890749673108,5.848556041717529,5.7224271508683415,5.077291011810303,5.033288792349471,-1.323617138335201,-1.2134721881512565
p3_seed1,data/raw/p3_seed1.jpg,7.22503662109375,7.2128747202626196,7.25697660446167,6.788669513881916,6.8019843101501465,6.839406710659687,-0.1483952982610139,-0.11728601598394311
p3_seed10,data/raw/p3_seed10.jpg,8.594955444335938,8.040380167384367,7.61278772354126,7.209318434626519,8.505232810974121,7.309784531112459,0.9414308551463026,0.4511558106031586
p3_seed11,data/raw/p3_seed11.jpg,6.978637218475342,6.828703195305827,5.158412933349609,3.945074439573566,7.372297286987305,6.823876759412439,-0.48221043742771547,-0.8376516078261154
p3_seed12,data/raw/p3_seed12.jpg,4.4990410804748535,4.571265883657731,-0.22260791063308716,-1.2077498757720664,4.038266658782959,4.101222663840047,-3.4278140433658812,-3.6139103889073905
p3_seed13,data/raw/p3_seed13.jpg,5.8258185386657715,5.868669702444115,6.4287943840026855,6.480613152601295,6.434299945831299,5.1437797027906935,-0.9596324818428643,-1.25268011891372
p3_seed14,data/raw/p3_seed14.jpg,5.763222694396973,5.8161715900013125,6.806955814361572,6.254819089960342,5.061422824859619,5.518301580045895,-1.302824047241238,-1.203805271394385
p3_seed15,data/raw/p3_seed15.jpg,6.604726314544678,6.094306818949465,5.466831684112549,5.664409105180925,4.958571910858154,5.127654216469479,-1.256960858421605,-1.3242373181927627
p3_seed16,data/raw/p3_seed16.jpg,6.983481407165527,6.843942809186607,6.929938316345215,6.96693482816185,8.020237922668457,7.647629710799787,0.04119476942615393,0.012898102174042044
p3_seed17,data/raw/p3_seed17.jpg,6.756724834442139,6.647590686022951,6.790749549865723,6.878194010052886,6.736711025238037,6.093309107627548,-0.43944858360328687,-0.5619783740809344
p3_seed18,data/raw/p3_seed18.jpg,6.306739330291748,6.192590482107288,6.24777364730835,5.709508092033416,5.818930149078369,6.090193996987285,-0.9804683575317035,-0.9797965280401889
p3_seed19,data/raw/p3_seed19.jpg,5.836763858795166,5.7776755616349185,-2.758618116378784,-3.064708386528168,5.291050434112549,4.909253495053736,-3.0291549145173406,-3.231468409151894
p3_seed2,data/raw/p3_seed2.jpg,7.107868671417236,7.120541572087041,6.13901948928833,6.235219583405846,6.53374719619751,6.451129546899257,-0.4834546635021546,-0.38282048765433463
p3_seed20,data/raw/p3_seed20.jpg,7.746721267700195,7.573200519155886,7.541135311126709,7.546357033876701,8.022851943969727,7.512299265021078,0.45773118530861767,0.3862017575863197
p3_seed21,data/raw/p3_seed21.jpg,6.8036909103393555,6.64692943050769,5.918546199798584,5.890315214738729,5.087796688079834,5.7128527165738525,-1.0561573357892537,-0.8723163703450441
p3_seed22,data/raw/p3_seed22.jpg,7.185800075531006,7.285579740359925,7.009270668029785,6.778672381596711,6.316402912139893,6.216727360702831,-0.34908842374851706,-0.28004398295981076
p3_seed23,data/raw/p3_seed23.jpg,6.121158599853516,6.067004088728417,4.480481147766113,4.165480356750548,5.277541160583496,5.382049386356674,-1.5436675094107724,-1.5510942357957456
p3_seed24,data/raw/p3_seed24.jpg,7.233503341674805,7.2492783528229765,6.578083038330078,6.964068508570525,6.763129711151123,6.476197978148841,-0.2853348093753669,-0.1792125212653497
p3_seed25,data/raw/p3_seed25.jpg,6.7786030769348145,6.802506048277874,6.73475456237793,6.740500075685893,6.133174896240234,5.645778273459063,-0.6132356826190394,-0.6620971523771341
p3_seed26,data/raw/p3_seed26.jpg,6.65492582321167,6.743675943999072,6.778208255767822,6.6486989193332215,7.307403087615967,6.383408290313784,-0.31940812773576416,-0.4783119269762326
p3_seed27,data/raw/p3_seed27.jpg,6.44534158706665,6.2526692907668915,-0.9584236741065979,1.1874558338476713,5.732533931732178,5.977701291694225,-2.3221485000267696,-1.8750296205481742
p3_seed28,data/raw/p3_seed28.jpg,7.829349994659424,7.506345892911968,8.436539649963379,8.071334268057166,6.673635005950928,6.383107340275126,0.2766941082362138,0.11531195942546647
p3_seed29,data/raw/p3_seed29.jpg,4.9759202003479,5.03433929381607,7.070624828338623,6.364029894572055,4.820323467254639,4.657884763988043,-1.6301499027388966,-1.7691506439967746
p3_seed3,data/raw/p3_seed3.jpg,5.2813849449157715,5.4020262531563015,5.247805595397949,5.366199463981173,4.211783409118652,4.40300241163639,-2.030352485292419,-1.8907604307501231
p3_seed4,data/raw/p3_seed4.jpg,7.700257778167725,7.8724235070820745,8.016105651855469,7.83391229490797,6.832045555114746,6.799472407397959,0.19109572881032066,0.3476773435781236
p3_seed5,data/raw/p3_seed5.jpg,7.174095630645752,6.946467942869122,7.113628387451172,6.986002025517886,6.549121856689453,6.235088327014542,-0.26760773427991996,-0.3739254514336939
p3_seed6,data/raw/p3_seed6.jpg,6.195051193237305,6.239745149497706,6.565566539764404,6.279073882503539,5.119644641876221,5.314201003106237,-1.1627652300214784,-1.0865999178889945
p3_seed7,data/raw/p3_seed7.jpg,6.4674224853515625,6.2426498979412495,6.195971488952637,6.418619103357498,5.8909196853637695,5.502421908755266,-0.9067986128395308,-1.0003855737457348
p3_seed8,data/raw/p3_seed8.jpg,7.172153472900391,6.981305931407932,7.359901428222656,6.655838100319425,6.7094407081604,6.749692567939665,-0.17588618764933142,-0.2664724850661161
p3_seed9,data/raw/p3_seed9.jpg,6.81993293762207,7.0221695967367115,7.368133544921875,7.179015920014304,6.512710094451904,6.696479301020742,-0.3684916101808042,-0.1634408158538048
p4_img0,data/raw/p4_img0.png,8.049068450927734,7.898496701980148,8.99852466583252,8.98930280868444,7.368930339813232,7.357587940713265,0.6676823693842892,0.7557688618912849
p4_img1,data/raw/p4_img1.png,8.101560592651367,8.28525978114002,8.428018569946289,8.334101762883225,7.856271266937256,7.643157324676308,0.7183551994377776,0.8747783782309769
p4_img10,data/raw/p4_img10.png,8.721334457397461,8.345745989606678,8.874133110046387,8.602459480902931,7.615457534790039,7.480635213715449,0.9779233093018597,0.9025135070375304
p4_img11,data/raw/p4_img11.png,8.838369369506836,8.511177858628683,8.83259391784668,8.678392645762958,8.350028991699219,7.917483289147221,1.224933973381616,1.1196215746449614
p4_img12,data/raw/p4_img12.png,8.892934799194336,8.724410494246277,8.700113296508789,8.310133041030282,7.951542377471924,8.337107126838939,1.1077549447978856,1.2642118652541339
p4_img13,data/raw/p4_img13.png,8.436379432678223,8.31904213711213,8.88786506652832,8.850113579536185,9.291211128234863,8.348479905039028,1.3455051872397963,1.2059582287085744
p4_img14,data/raw/p4_img14.png,8.819061279296875,8.435645614304244,8.847402572631836,8.726240069944522,9.261639595031738,8.378362977601544,1.4795424177373213,1.2390352186635287
p4_img15,data/raw/p4_img15.png,7.915197372436523,7.879049464596906,8.09778118133545,8.093799481902519,7.438730716705322,7.259249341813638,0.4635856860254918,0.5422233762877321
p4_img16,data/raw/p4_img16.png,8.315464973449707,8.343194065415267,9.05319595336914,8.87455242802295,8.942113876342773,8.587576061363494,1.2302051103327536,1.29400170229073
p4_img17,data/raw/p4_img17.png,9.02042007446289,8.875548338076575,8.896696090698242,8.945490915198251,8.776924133300781,8.686002599185427,1.4300221078578534,1.5580134839559638
p4_img18,data/raw/p4_img18.png,8.132699966430664,8.01568684383323,8.573307991027832,8.276366418165908,7.258731842041016,7.752557458828779,0.5882164148355932,0.7856210443481265
p4_img19,data/raw/p4_img19.png,7.920735836029053,7.9174502301049055,8.351184844970703,8.404286125214107,7.747616291046143,7.855455338232807,0.6018687788397905,0.8016200351620824
p4_img2,data/raw/p4_img2.png,8.705514907836914,8.277319272574628,8.468482971191406,7.921956314390869,9.357884407043457,8.173712043011957,1.390257702040109,0.9533901175442606
p4_img20,data/raw/p4_img20.png,9.194499015808105,8.880902990599255,9.146097183227539,9.155741553646198,9.468697547912598,8.650495726903118,1.7426100017878745,1.5905182355350753
p4_img21,data/raw/p4_img21.png,9.086124420166016,8.8542135559448,8.806282043457031,8.74390697919284,8.173680305480957,7.911295383198565,1.2669634408054737,1.2722876804765337
p4_img22,data/raw/p4_img22.png,8.849045753479004,8.604194329240562,8.916292190551758,8.65641433147416,9.221430778503418,9.047309495831591,1.4929784132643935,1.5000202089473802
p4_img23,data/raw/p4_img23.png,8.459807395935059,8.67719446797043,8.934919357299805,8.706566180374976,8.172024726867676,8.009323571511134,1.0452287818357795,1.2218796373789087
p4_img24,data/raw/p4_img24.png,8.64533805847168,8.599510133949494,8.805231094360352,8.453501321000145,8.473029136657715,8.342184039467488,1.178982509845242,1.2422392058627347
p4_img25,data/raw/p4_img25.png,8.577410697937012,8.517453465036017,8.887099266052246,8.927195392630042,8.028125762939453,8.357662406044957,1.0413300142322004,1.305845752016132
p4_img26,data/raw/p4_img26.png,8.644112586975098,8.468650217072437,8.507999420166016,8.581929627537082,8.24381160736084,7.975753065212642,1.0567170206027556,1.1010180905451756
p4_img27,data/raw/p4_img27.png,8.51232624053955,8.394201351642197,8.885601043701172,8.739901846080663,9.164992332458496,8.178326593565442,1.3389622809128934,1.1632796112544266
p4_img28,data/raw/p4_img28.png,8.28598690032959,8.660140790116227,8.170482635498047,8.553372587842695,9.02397632598877,9.088044795937416,1.0739320764002445,1.5154410646675185
p4_img29,data/raw/p4_img29.png,8.294116020202637,8.136645820287102,8.352672576904297,8.354623709600078,7.406130313873291,8.141489714060329,0.6514963037009575,0.9701240101439584
p4_img3,data/raw/p4_img3.png,7.807104110717773,7.780383901752008,7.898829460144043,7.789957155310079,8.269139289855957,7.796218866961612,0.6195718558759268,0.6065257482076354
p4_img4,data/raw/p4_img4.png,8.889108657836914,8.900767409399196,8.76057243347168,8.571955176176205,7.871325969696045,8.131400365884568,1.094937581156623,1.3253062540946148
p4_img5,data/raw/p4_img5.png,8.493681907653809,8.43047155862077,8.336584091186523,8.195071597442459,7.323945999145508,7.978916227226908,0.7033547437084761,1.0104526224855321
p4_img6,data/raw/p4_img6.png,8.393138885498047,8.325127761628723,8.811664581298828,8.658264383745339,8.105273246765137,7.798375821714791,0.9766207367847454,1.0023049060944327
p4_img7,data/raw/p4_img7.png,8.05244255065918,7.776280234224107,8.082852363586426,7.92144764779617,7.077003002166748,7.592203139173289,0.41167828135515744,0.5680536731629856
p4_img8,data/raw/p4_img8.png,8.575604438781738,8.467368385580674,9.090494155883789,8.775706687375209,8.611319541931152,8.143621405303803,1.2452581277218584,1.1898854979716054
p4_img9,data/raw/p4_img9.png,8.464211463928223,8.761316366680928,8.822948455810547,8.97284301432402,7.447572708129883,8.070732356743568,0.8195298212062504,1.3276035619491853
p4_seed0,data/raw/p4_seed0.jpg,7.884490966796875,7.75610263069626,8.301753997802734,8.137499692617224,7.9067206382751465,8.240440194828873,0.6235072375943591,0.8007003306660646
p4_seed1,data/raw/p4_seed1.jpg,7.223531723022461,6.9745875958099255,-2.6939964294433594,-2.198924308454788,7.4555487632751465,6.579221383610462,-1.856904878285393,-2.055572643499404
p4_seed10,data/raw/p4_seed10.jpg,8.008214950561523,7.793639250640272,7.486725330352783,7.31449382840316,8.247044563293457,7.807190184043644,0.6137631860878047,0.5222523233612404
p4_seed11,data/raw/p4_seed11.jpg,7.409566402435303,7.585586161691595,7.914422988891602,7.540314888628869,7.550161361694336,7.657877457713764,0.26199987844793693,0.4347529315517428
p4_seed12,data/raw/p4_seed12.jpg,7.612319469451904,7.895669800485267,7.025367259979248,7.212555215111241,9.457139015197754,8.753498008552565,0.7149101846198959,0.8344712208209867
p4_seed13,data/raw/p4_seed13.jpg,7.792047023773193,7.68767303604826,7.6953511238098145,7.269623288538309,8.072980880737305,8.182704569063704,0.5191282008985952,0.5847711383240715
p4_seed14,data/raw/p4_seed14.jpg,7.790338039398193,7.390718426293448,7.110072612762451,6.831537278766447,7.285571098327637,6.928030056871345,0.1830385080390334,-0.008249612997709328
p4_seed15,data/raw/p4_seed15.jpg,7.279199123382568,7.08686947863391,6.867732524871826,6.903290606241893,6.302890777587891,6.4941674820059605,-0.34322366411922545,-0.25271038122932193
p4_seed16,data/raw/p4_seed16.jpg,8.201051712036133,7.8954362980885024,7.4541144371032715,7.20392074956367,8.383675575256348,7.63038053880163,0.7220928085833069,0.48846888841231273
p4_seed17,data/raw/p4_seed17.jpg,5.64320707321167,5.674695674759682,5.895398139953613,5.878861704859094,6.149503707885742,5.5053048095288375,-1.2138274813409706,-1.3398682015526153
p4_seed18,data/raw/p4_seed18.jpg,7.7239789962768555,7.488182948445012,8.144268989562988,7.940849459817108,8.409293174743652,8.118756769471199,0.673544077932961,0.614198713197924
p4_seed19,data/raw/p4_seed19.jpg,8.33354377746582,7.779341118590892,8.494361877441406,8.535146440594184,7.370358943939209,7.346833374857515,0.6837552647996935,0.614301101773562
p4_seed2,data/raw/p4_seed2.jpg,7.388896942138672,7.471422539632903,6.8964762687683105,6.765290715176422,7.816075325012207,7.697053021138892,0.135810673112174,0.24781302546279926
p4_seed20,data/raw/p4_seed20.jpg,7.838948726654053,7.824603581268285,7.169253826141357,7.179755715228337,6.464629650115967,6.770076200500627,-0.02019420221791829,0.19080294778170404
p4_seed21,data/raw/p4_seed21.jpg,6.330010890960693,6.448751086430623,6.385439395904541,6.426269727541245,5.6843180656433105,5.476691036883484,-0.9834358688329248,-0.9216182298975326
p4_seed22,data/raw/p4_seed22.jpg,7.048807621002197,6.908183137204805,6.17019510269165,6.181418868898031,6.349884986877441,6.0934094625584345,-0.553006266783677,-0.5907316693406067
p4_seed23,data/raw/p4_seed23.jpg,6.9555277824401855,6.929758268297307,7.0492262840271,6.464991027932594,6.978519439697266,6.815624522703593,-0.24345385126553007,-0.304938228304317
p4_seed24,data/raw/p4_seed24.jpg,7.7706427574157715,7.8036729531901585,7.8741888999938965,7.879745496103919,7.708515644073486,7.268764076498988,0.4410708184371684,0.472076649476549
p4_seed25,data/raw/p4_seed25.jpg,7.278550148010254,7.083871037086032,7.118277072906494,7.1563831122369495,5.983231544494629,6.775808635837263,-0.38674221333034947,-0.11806686763278451
p4_seed26,data/raw/p4_seed26.jpg,6.931888580322266,6.968208182418977,7.678812503814697,7.349322072209172,7.345093250274658,6.530963689329626,-0.028610999345656918,-0.20311161726224336
p4_seed27,data/raw/p4_seed27.jpg,7.927445888519287,7.92086338971262,5.671510219573975,5.184389390018926,8.724352836608887,8.54086389172095,0.37240156373587197,0.3825248849259671
p4_seed28,data/raw/p4_seed28.jpg,7.83430290222168,7.5500249458012645,7.889916896820068,7.281593526274203,7.809360504150391,8.07817904693835,0.49773404667065213,0.4982079245133206
p4_seed29,data/raw/p4_seed29.jpg,7.412198543548584,7.250518055376129,7.701160907745361,7.828539255310669,6.925412178039551,6.577556622767001,0.04469480006331019,0.0216584349820003
p4_seed3,data/raw/p4_seed3.jpg,7.357000827789307,7.066158645498969,6.874989032745361,6.607027470172845,5.710440158843994,6.027232260958039,-0.4798762724187025,-0.4623934727533346
p4_seed4,data/raw/p4_seed4.jpg,8.452760696411133,8.4330175836713,8.029016494750977,8.143116899901512,8.62090015411377,8.068592286196136,0.9977639425267585,1.028814054425975
p4_seed5,data/raw/p4_seed5.jpg,8.018322944641113,7.888393252103428,7.812268257141113,7.8907829919567485,7.47598123550415,7.033081590218906,0.4603082373853886,0.43700982784203335
p4_seed6,data/raw/p4_seed6.jpg,7.633130073547363,7.460741948546507,7.012678623199463,6.605309111394394,5.897130012512207,5.884073225121813,-0.2922114714811597,-0.34357506775854835
p4_seed7,data/raw/p4_seed7.jpg,7.508360385894775,7.458204190052155,7.315628528594971,7.14418209884759,6.890037536621094,6.807535901531667,-0.001013536483434746,0.04393132293696888
p4_seed8,data/raw/p4_seed8.jpg,7.729306697845459,7.648417977924097,7.526216983795166,7.646445429669162,6.788547515869141,6.996428682503404,0.09688223712160175,0.2787754576280023
p4_seed9,data/raw/p4_seed9.jpg,7.791154384613037,7.782075796488958,7.905751705169678,7.773552032493657,7.494604110717773,7.423484316743848,0.39426511159045136,0.4897757749535428
p5_img0,data/raw/p5_img0.png,6.575285911560059,6.149608679891072,6.023006916046143,5.622004212336126,5.786453723907471,6.215168743275127,-0.9271172175345512,-0.976389288942365
p5_img1,data/raw/p5_img1.png,4.984645366668701,5.129091149881769,5.607860088348389,5.614788665901215,4.9816975593566895,4.93132413172632,-1.8592063700564925,-1.7929258646124693
p5_img10,data/raw/p5_img10.png,4.863356590270996,5.230906036775586,5.349891185760498,5.681130032991639,4.262146472930908,4.225750571614181,-2.1606149273241875,-1.9541122241734235
p5_img11,data/raw/p5_img11.png,6.341768264770508,6.421555170845986,6.153478145599365,6.15301012260419,5.929789066314697,5.500915051932275,-0.953129571262715,-0.978944557098887
p5_img12,data/raw/p5_img12.png,6.6883769035339355,6.351413498344324,6.869531154632568,6.233152194138733,6.14408016204834,5.891543117930417,-0.6198840599792312,-0.872510074745897
p5_img13,data/raw/p5_img13.png,7.531549453735352,7.568885042653206,7.973852634429932,7.717488560929285,7.340211868286133,6.647440821250695,0.26143903198396123,0.15286911596753805
p5_img14,data/raw/p5_img14.png,6.974873065948486,6.857517844315016,6.487480640411377,6.744106584055815,7.145140171051025,6.819587069749955,-0.29536881458429826,-0.2789106855835316
p5_img15,data/raw/p5_img15.png,6.987497329711914,6.629775043885821,6.9290032386779785,7.138073251685724,7.0927042961120605,6.698419351340801,-0.22130371537766438,-0.3329904720503887
p5_img16,data/raw/p5_img16.png,6.584091663360596,6.353684529673802,6.261820316314697,6.456483122385274,6.059094429016113,5.474271087367341,-0.8006411363411816,-0.9557218243762243
p5_img17,data/raw/p5_img17.png,6.426166534423828,6.539043980627369,6.961219787597656,6.786997734198817,5.338027000427246,5.658866777513918,-0.9346498264352997,-0.7578348623823926
p5_img18,data/raw/p5_img18.png,6.084709167480469,5.733132679395639,6.2655253410339355,6.204654899357104,6.040859699249268,5.226278048248085,-1.0010650206912943,-1.3374383720543481
p5_img19,data/raw/p5_img19.png,6.445184230804443,6.509630073993693,6.696141719818115,6.8082545763423425,6.6155266761779785,6.141710491515277,-0.6141710762027478,-0.6178422518503032
p5_img2,data/raw/p5_img2.png,6.347747802734375,6.161237032959769,6.620529651641846,5.981235780105497,4.537665843963623,4.715896056235617,-1.257972691766417,-1.3607340424983505
p5_img20,data/raw/p5_img20.png,5.924160003662109,6.022953457917377,6.608941555023193,6.234238121478454,5.781749248504639,5.482180280444961,-1.0724207662591783,-1.1334699178717254
p5_img21,data/raw/p5_img21.png,7.332581996917725,7.383936599911342,7.097009658813477,6.731799898632017,7.190356731414795,6.600344432107078,-0.026145605600426114,-0.13101344133599202
p5_img22,data/raw/p5_img22.png,6.244932174682617,6.304321930667753,6.225033283233643,6.258597560944875,6.367997646331787,5.414419413821174,-0.8528300100669624,-1.033213525275117
p5_img23,data/raw/p5_img23.png,5.998119354248047,6.140854084891647,6.364424228668213,6.381421437025534,6.5084614753723145,5.886873169103507,-0.8831783321847727,-0.9319020575067988
p5_img24,data/raw/p5_img24.png,7.9304890632629395,7.801076590733952,8.167378425598145,7.676106671983457,6.749855995178223,6.92733281488567,0.286836916013788,0.32648174391414747
p5_img25,data/raw/p5_img25.png,6.175532817840576,6.197074203379289,5.94547700881958,5.851118337838876,6.062814712524414,5.790987812698314,-1.0200938886605406,-1.0419128614178654
p5_img26,data/raw/p5_img26.png,7.586916446685791,7.5415773414303935,7.484198570251465,7.4092449152751625,7.65358829498291,7.376633028097057,0.2791322776165975,0.30470531025504205
p5_img27,data/raw/p5_img27.png,6.360581874847412,6.4181520505040845,6.826940059661865,6.601429509685513,6.884836196899414,6.7027590914794954,-0.5458503865632979,-0.5241909620789257
p5_img28,data/raw/p5_img28.png,6.002752304077148,6.137256124409098,6.207319736480713,6.003398407123378,5.345946788787842,5.525417179537906,-1.242012233630066,-1.1181986489414621
p5_img29,data/raw/p5_img29.png,6.97802209854126,7.0816437477638114,7.494515419006348,7.47170773551076,7.179925918579102,6.679767263655579,-0.09257754210408821,-0.08667024163040198
p5_img3,data/raw/p5_img3.png,6.424003601074219,6.553671802184641,6.708983898162842,6.375243882648212,5.789766788482666,6.215471904216245,-0.8549777145376195,-0.6618378728398343
p5_img4,data/raw/p5_img4.png,6.267156600952148,6.173586573570731,5.954375743865967,5.931795123687682,5.411693572998047,5.54983524803834,-1.1677032074747176,-1.109726730061764
p5_img5,data/raw/p5_img5.png,6.016473293304443,5.873363359515041,6.008718967437744,5.978059270973517,5.129096031188965,5.208389906648239,-1.3361232976582071,-1.3293569504365674
p5_img6,data/raw/p5_img6.png,6.094967365264893,5.962136212203984,6.316230773925781,6.375584940689377,5.304380416870117,5.295749564462382,-1.1969284115376038,-1.1880547184016488
p5_img7,data/raw/p5_img7.png,6.583927631378174,6.420168303583098,6.785091876983643,7.005604711911601,5.865191459655762,5.9587043025224125,-0.7562846482827735,-0.6722451512575448
p5_img8,data/raw/p5_img8.png,7.311563491821289,7.442040668114355,7.426407337188721,7.277309048768178,7.711370944976807,6.628005211188619,0.1765341395711806,0.008301152681706078
p5_img9,data/raw/p5_img9.png,6.6220831871032715,6.5284005753414425,6.873531818389893,6.509400384164014,6.721872329711914,6.653190204724702,-0.48074417280329634,-0.5118539608499819
p5_seed0,data/raw/p5_seed0.jpg,6.851826190948486,6.921648644597698,6.458990573883057,5.994994309787881,5.240840435028076,6.227711904172051,-0.8908703134859687,-0.5805154421269867
p5_seed1,data/raw/p5_seed1.jpg,6.8819899559021,6.843894350421828,6.76618766784668,6.944420930690796,6.116110801696777,6.259342563584711,-0.571542759010561,-0.4170155089701466
p5_seed10,data/raw/p5_seed10.jpg,6.358782768249512,6.122988809639444,6.438681125640869,6.505248555623703,6.259886264801025,6.77861217754475,-0.7982566218710828,-0.6417320536810258
p5_seed11,data/raw/p5_seed11.jpg,6.824191570281982,6.824548655184702,7.6443071365356445,7.576531074267381,7.095524311065674,6.849372475019881,-0.14844059806932622,-0.1203855506382177
p5_seed12,data/raw/p5_seed12.jpg,6.633809566497803,6.630667473058318,6.315610408782959,6.184385312681713,5.669676780700684,5.261114967494796,-0.8816909182403144,-0.9598952818111138
p5_seed13,data/raw/p5_seed13.jpg,7.05254602432251,7.370076992967812,7.81308650970459,7.626871047073685,8.113592147827148,8.11604820279645,0.26293458893224825,0.5030824198495912
p5_seed14,data/raw/p5_seed14.jpg,7.46445894241333,7.187327368897769,6.730511665344238,6.618927565290491,6.800928115844727,6.335264039315706,-0.15495119613080602,-0.3155934627612818
p5_seed15,data/raw/p5_seed15.jpg,8.112689018249512,7.795889735663998,7.607120037078857,7.345716828088468,7.5629167556762695,7.433038898047602,0.48302492454842144,0.41462622382606346
p5_seed16,data/raw/p5_seed16.jpg,7.119522571563721,7.287442772522729,7.229250431060791,6.954309239907994,5.408031463623047,5.9211502059192975,-0.5916713210842718,-0.3354672557843527
p5_seed17,data/raw/p5_seed17.jpg,5.814019680023193,5.722849754525928,5.7463860511779785,5.817141580283827,5.272617816925049,5.4371951979732875,-1.4246525282770497,-1.352933659851382
p5_seed18,data/raw/p5_seed18.jpg,6.474968433380127,6.391932262851459,6.467051029205322,6.118201007655593,5.927548885345459,5.746121908072647,-0.8418245110649504,-0.922849353893796
p5_seed19,data/raw/p5_seed19.jpg,5.903223514556885,6.003918033709124,6.147546768188477,6.311361773613731,5.08644437789917,4.1228229274744,-1.3662720318738373,-1.5428493656425022
p5_seed2,data/raw/p5_seed2.jpg,6.3410539627075195,6.476038585866124,6.0043559074401855,6.074673165850707,5.339859962463379,5.430022817733224,-1.1496338016431797,-0.9935019057585253
p5_seed20,data/raw/p5_seed20.jpg,7.865738868713379,7.884853523198059,7.9403510093688965,8.09748493419645,7.573383808135986,7.463662842976449,0.4525284227474209,0.6079921818779361
p5_seed21,data/raw/p5_seed21.jpg,7.52520751953125,7.61126509085072,6.784467697143555,6.580028837399366,8.737390518188477,6.43979098110659,0.4301039384456051,-0.11601667974517653
p5_seed22,data/raw/p5_seed22.jpg,7.482928276062012,7.132743762890029,5.945296764373779,5.469218926341873,6.014225482940674,5.45608745832685,-0.5209742537367312,-0.8327512810481709
p5_seed23,data/raw/p5_seed23.jpg,7.019730091094971,6.9354282137840135,7.484801769256592,7.249441391077628,6.815663814544678,6.264242419069923,-0.18169906248424383,-0.3179607409635019
p5_seed24,data/raw/p5_seed24.jpg,6.794925212860107,6.883583352026161,6.676330089569092,6.771369263506032,6.640913486480713,6.543624039721451,-0.4734920566524041,-0.3473797694958032
p5_seed25,data/raw/p5_seed25.jpg,7.245437145233154,6.946696141402307,7.104858875274658,7.112323774168939,6.556469917297363,6.11949219326268,-0.23919409630677504,-0.38452096248755235
p5_seed26,data/raw/p5_seed26.jpg,7.147876262664795,7.497731441660141,6.75935697555542,6.630251853176583,5.911112308502197,6.1833372885780244,-0.5268428073170904,-0.2316884383276782
p5_seed27,data/raw/p5_seed27.jpg,8.074735641479492,7.881314580144754,7.736320972442627,7.814295263866767,7.30160665512085,7.513147483942592,0.41837642341937725,0.56623749766183
p5_seed28,data/raw/p5_seed28.jpg,7.8061203956604,7.349554853180622,6.878098964691162,7.295864039294325,6.848099708557129,6.465661426756227,0.020615093016459345,-0.07603300838406364
p5_seed29,data/raw/p5_seed29.jpg,8.294963836669922,8.079116793956327,8.33102798461914,8.320486585968299,9.1921968460083,8.200080858635038,1.1558703671169612,0.9576265075291802
p5_seed3,data/raw/p5_seed3.jpg,7.101532459259033,7.049684070630604,6.319465160369873,6.349567192787064,6.547513484954834,6.015696750947047,-0.44768169451533907,-0.5231556160871166
p5_seed4,data/raw/p5_seed4.jpg,7.798943042755127,7.711441889388405,7.827123165130615,7.85814428340206,8.47187614440918,7.699421320470983,0.6604040559861742,0.5617276752426741
p5_seed5,data/raw/p5_seed5.jpg,7.947203159332275,7.7438291796909455,8.387492179870605,8.372854626911497,7.091169357299805,6.508256357334571,0.4323953812645775,0.31083757664091327
p5_seed6,data/raw/p5_seed6.jpg,6.842350482940674,6.881256932543744,6.00678014755249,5.208425622065445,7.382504463195801,6.811845944532128,-0.37131962345259306,-0.5722159459995987
p5_seed7,data/raw/p5_seed7.jpg,7.332948684692383,7.052944956287432,7.0211920738220215,6.899626223876344,6.007420063018799,6.213219656863322,-0.37699327509881675,-0.3535499999319249
p5_seed8,data/raw/p5_seed8.jpg,6.062739849090576,5.921679413557461,5.909390926361084,5.815699108710249,6.701939582824707,6.379684145891579,-0.889378046744869,-0.9822098272190841
p5_seed9,data/raw/p5_seed9.jpg,8.420123100280762,8.223619398577123,7.497193813323975,7.817511774045395,8.56967544555664,8.014595310306433,0.8691675066721501,0.8619825392409318
p6_img0,data/raw/p6_img0.png,6.831022262573242,6.905899008085698,6.796668529510498,7.034442903672058,6.347481727600098,5.716664912075818,-0.5199114146733145,-0.5400882003026424
p6_img1,data/raw/p6_img1.png,7.325051307678223,7.3962978660874805,7.3644866943359375,7.645964821941157,7.165468692779541,7.40533492358051,0.014724788788401158,0.299834782632709
p6_img10,data/raw/p6_img10.png,6.2712225914001465,6.2688044571529815,6.137354373931885,6.425273170790614,5.568110466003418,5.627608809255268,-1.0867806061867447,-0.9499086634180767
p6_img11,data/raw/p6_img11.png,6.368951797485352,6.427527718424078,6.559999465942383,6.5525215329681785,6.151205539703369,6.186732566908906,-0.802098531331653,-0.6880478008733073
p6_img12,data/raw/p6_img12.png,6.80142068862915,6.689538866127446,6.867617607116699,6.680514809093807,6.23576021194458,6.183834265668273,-0.5498093944526578,-0.5556149157089872
p6_img13,data/raw/p6_img13.png,7.255183219909668,7.449186022789201,8.145695686340332,7.78500079574395,7.549607753753662,7.264525765768744,0.24528334769844165,0.3057594296124571
p6_img14,data/raw/p6_img14.png,6.793360233306885,6.723443325215163,6.996248245239258,6.891771717321303,5.679776191711426,6.017820169253841,-0.6866762859749315,-0.5511152089213301
p6_img15,data/raw/p6_img15.png,7.5794901847839355,7.409616080865317,7.921224594116211,7.9458786954846445,7.7235517501831055,6.882724315801669,0.3792987480659247,0.2039007400677233
p6_img16,data/raw/p6_img16.png,7.389698505401611,7.429339112214021,7.75558614730835,7.929602059876855,7.104532718658447,6.668748039851266,0.0971870273228851,0.14328238072976665
p6_img17,data/raw/p6_img17.png,6.648430347442627,6.627494011588008,7.16180419921875,6.88491128113598,7.282064437866211,6.732437032731921,-0.2561600268423272,-0.3730852694022923
p6_img18,data/raw/p6_img18.png,7.006054401397705,6.841034970026471,7.0843353271484375,6.908380057012803,6.305931091308594,6.774490940191082,-0.4083077018309342,-0.2673714749632982
p6_img19,data/raw/p6_img19.png,6.743743896484375,6.700631398705694,6.349205493927002,6.545363296382958,6.2134928703308105,6.135355328889133,-0.6774393023895849,-0.5923571865672044
p6_img2,data/raw/p6_img2.png,6.829008102416992,6.614689361621349,6.723196506500244,6.246521049897147,4.743824005126953,4.706297749095243,-0.9909478417082344,-1.1243698976863543
p6_img20,data/raw/p6_img20.png,6.956139087677002,7.022584165418874,6.582178592681885,6.2597742880622524,5.766469955444336,5.331208137957482,-0.6769473821495794,-0.7617203874754074
p6_img21,data/raw/p6_img21.png,7.839898586273193,7.88119324609941,7.961476802825928,8.056967242229186,8.486367225646973,7.968129747227713,0.7061667147285594,0.7531549121921706
p6_img22,data/raw/p6_img22.png,7.123289585113525,7.11140370678307,6.906298637390137,6.774599357491609,6.934659481048584,6.5608671567984285,-0.21731046238427687,-0.24733364436477304
p6_img23,data/raw/p6_img23.png,7.196418762207031,6.831753283327556,7.413408279418945,7.048461028950593,6.570286273956299,6.035390275916549,-0.19577326049149305,-0.4702943634181905
p6_img24,data/raw/p6_img24.png,7.38159704208374,7.085606418896895,7.490618705749512,7.3853335513501515,6.315114498138428,6.623942412795902,-0.18102074718898908,-0.11905741622824795
p6_img25,data/raw/p6_img25.png,6.8262715339660645,6.9514534978704745,7.024157524108887,7.075181061135629,5.702437400817871,5.965572747002422,-0.6620038740746517,-0.4370027148905164
p6_img26,data/raw/p6_img26.png,6.887833118438721,7.175668433434483,6.883724689483643,6.835543851693883,6.169052600860596,6.050127808305626,-0.5318177946337096,-0.36537844188316343
p6_img27,data/raw/p6_img27.png,6.9838738441467285,6.905114586779507,6.870603084564209,6.919792048412178,6.580326557159424,6.086091299066915,-0.37961875887698177,-0.4496426073697523
p6_img28,data/raw/p6_img28.png,6.957561016082764,6.98720484900218,7.151238918304443,6.973403811146912,5.891099452972412,5.989931177609919,-0.5326271841373704,-0.4346974786579776
p6_img29,data/raw/p6_img29.png,6.936924457550049,7.007988954206486,6.797712802886963,6.97591000847583,6.937788009643555,6.946747223018141,-0.3102098308374182,-0.13237269649373942
p6_img3,data/raw/p6_img3.png,7.020326137542725,6.823785463353359,7.1952714920043945,6.970776227054648,6.641488552093506,6.797014725214778,-0.2861238291017559,-0.25537595701363114
p6_img4,data/raw/p6_img4.png,6.566129207611084,6.298493176743012,6.169520378112793,6.285313957429272,6.139158725738525,6.189252134594775,-0.802476102434683,-0.7929177495671297
p6_img5,data/raw/p6_img5.png,6.632948398590088,6.625462470178547,6.635807514190674,6.300306482240276,5.204077243804932,5.8566323705138545,-0.9535585121873168,-0.7568291747807009
p6_img6,data/raw/p6_img6.png,7.13112211227417,6.925269521752757,7.260934352874756,6.966427468885024,4.8580241203308105,5.664756065887588,-0.7375747205026649,-0.561313813758886
p6_img7,data/raw/p6_img7.png,6.94158411026001,6.847915223992374,7.605750560760498,7.22265950358337,7.014632701873779,7.497684711335859,-0.13273256119908045,0.01866400111398947
p6_img8,data/raw/p6_img8.png,7.660681247711182,7.974997716508812,8.234476089477539,7.8330572665257066,7.365685939788818,7.468225373483535,0.3689555636682243,0.5948511568775651
p6_img9,data/raw/p6_img9.png,6.461263656616211,6.4546649032917935,6.269071102142334,6.317387966524303,6.789952754974365,6.3948622859995226,-0.6395153974451666,-0.6590950794060282
p6_seed0,data/raw/p6_seed0.jpg,7.0694899559021,7.179204078493459,5.926788330078125,5.701601208743316,8.092118263244629,7.5611627049397,-0.09552670948213311,-0.12287949334112043
p6_seed1,data/raw/p6_seed1.jpg,7.381621360778809,7.448720654741932,8.072256088256836,7.202894431211155,7.085892677307129,6.754386857687629,0.14898303755629708,0.035221756454993536
p6_seed10,data/raw/p6_seed10.jpg,6.780125141143799,6.709800493863936,3.077584981918335,3.582962182342777,6.874960422515869,6.881730570292832,-1.0976219821737707,-0.9399621572239113
p6_seed11,data/raw/p6_seed11.jpg,8.264335632324219,8.40564052255193,-3.133013963699341,-0.7526583222160774,7.5924506187438965,7.338384864923033,-1.493131483487277,-0.9484023670016298
p6_seed12,data/raw/p6_seed12.jpg,6.464707851409912,6.528003116934527,3.6025218963623047,2.9402376650597386,7.318289279937744,7.210901102613637,-0.9953420493265189,-1.0400592670953053
p6_seed13,data/raw/p6_seed13.jpg,6.778201580047607,6.945311610517924,8.052165031433105,7.7140464732788585,7.5005106925964355,7.916824728190519,0.02636217086358607,0.2835952174656877
p6_seed14,data/raw/p6_seed14.jpg,8.150755882263184,6.4632957689604735,7.313747882843018,6.999575077854977,7.885444164276123,6.382752235466437,0.5338900958093094,-0.525644013166158
p6_seed15,data/raw/p6_seed15.jpg,7.143421173095703,6.757809808921288,5.015697956085205,4.961029807115711,7.457268714904785,7.587814575590854,-0.4205406575953801,-0.4338495224621523
p6_seed16,data/raw/p6_seed16.jpg,7.099506378173828,7.225133889975699,6.704217433929443,6.649336310273952,5.903865337371826,6.231870671634574,-0.5583775435496667,-0.3257059451927937
p6_seed17,data/raw/p6_seed17.jpg,6.944305896759033,6.831523820746703,5.4986252784729,4.283985710652659,5.669146537780762,5.462684165870902,-0.9155018592027654,-1.187295883014938
p6_seed18,data/raw/p6_seed18.jpg,6.890075206756592,6.95766832218871,8.017708778381348,7.600750411181487,5.931568622589111,5.64356931328014,-0.3826859370740832,-0.430197869167069
p6_seed19,data/raw/p6_seed19.jpg,7.290303707122803,7.017163804299832,8.11929702758789,8.030771436934652,8.127890586853027,7.895371950889938,0.41856878441773154,0.36873364211299925
p6_seed2,data/raw/p6_seed2.jpg,7.533722400665283,7.0290051771267645,7.454564094543457,7.198308297371927,6.293032169342041,6.367685961619862,-0.13447648120699007,-0.2576075467737712
p6_seed3,data/raw/p6_seed3.jpg,6.923575401306152,6.945349882588576,-3.4806625843048096,0.7713220975555207,6.843921661376953,7.055296237502609,-2.2983322886904722,-1.340064515428277
p6_seed4,data/raw/p6_seed4.jpg,6.877063751220703,7.160873989458336,8.159041404724121,7.82655963142551,6.551600933074951,6.863573026521257,-0.18448497081360102,0.07189117414723581
p6_seed5,data/raw/p6_seed5.jpg,7.341299533843994,7.215740452963086,7.6586713790893555,8.119231822212353,6.170742511749268,5.989900598291408,-0.20592422961521842,-0.11588851293210678
p6_seed6,data/raw/p6_seed6.jpg,7.446183681488037,7.394583272608334,7.70539665222168,7.2497256052396715,7.852030277252197,7.081177879426046,0.32247133204407524,0.12218040920212374
p6_seed7,data/raw/p6_seed7.jpg,6.872781276702881,6.400299893753381,7.368845462799072,7.019359251443732,4.889565467834473,4.267937570374126,-0.8094274494979324,-1.195949596037814
p6_seed8,data/raw/p6_seed8.jpg,7.49307107925415,7.383155769356838,-3.0217268466949463,-4.266027450098978,6.819892406463623,6.983599187357997,-1.9943733269092239,-2.1676420292688103
p6_seed9,data/raw/p6_seed9.jpg,7.189544200897217,7.305509057836287,6.13190221786499,4.771937821426573,6.506368160247803,6.775129036770366,-0.46055219218489635,-0.4936600211598634
p7_img0,data/raw/p7_img0.png,7.908263206481934,7.882840221019728,7.8254828453063965,7.623545932383723,7.178390979766846,6.895817373856333,0.3349709026712849,0.3403119677086122
p7_img1,data/raw/p7_img1.png,7.941317558288574,7.739125158661535,7.982615947723389,7.719337449812059,7.744376182556152,6.948153650419288,0.5388765397881224,0.3157325145003848
p7_img10,data/raw/p7_img10.png,7.76027250289917,7.551018535840454,4.402734279632568,5.197426659839076,7.225823879241943,6.586720420968177,-0.36101723616343273,-0.3666404324907759
p7_img11,data/raw/p7_img11.png,8.146439552307129,7.866482887804808,8.29920768737793,8.132235492953855,7.918753147125244,7.340338227909525,0.729225904623633,0.5694106240817529
p7_img12,data/raw/p7_img12.png,7.460357189178467,7.4874110500667825,7.271449565887451,7.3061068057900185,5.9255876541137695,6.154648495171594,-0.3026559408338964,-0.11238863303255453
p7_img13,data/raw/p7_img13.png,8.209251403808594,8.01098117094127,8.178410530090332,8.126427763733593,8.128569602966309,7.662925704691562,0.7905767862016085,0.7268429729958387
p7_img14,data/raw/p7_img14.png,8.170221328735352,8.013599171589435,8.188386917114258,8.028385351933546,7.774206161499023,7.909267766471406,0.6763400598149966,0.7842237847616714
p7_img15,data/raw/p7_img15.png,7.726391315460205,7.540437945847444,7.711536884307861,8.09699786335222,7.618727207183838,7.5802177502345645,0.36720607109290265,0.5013160675592703
p7_img16,data/raw/p7_img16.png,7.988033771514893,7.662213727187915,8.494841575622559,8.37333102620099,7.678443431854248,7.454212282671736,0.6359343177888904,0.5671278541362641
p7_img17,data/raw/p7_img17.png,8.4811429977417,8.142343923283232,8.27108383178711,8.145964636408037,7.617225170135498,7.281381699379825,0.7694109066016827,0.6680080784925595
p7_img18,data/raw/p7_img18.png,7.924241542816162,7.712561829212178,7.9951863288879395,7.841234719272838,7.481659412384033,7.274920289850258,0.45982229496449073,0.42877712152153186
p7_img19,data/raw/p7_img19.png,7.623328685760498,7.417559623374303,7.897664546966553,7.836238896859545,7.3421101570129395,7.422925907476971,0.28349012029123827,0.35127329187213013
p7_img2,data/raw/p7_img2.png,7.683933258056641,7.683514228896008,7.845705509185791,7.487001729511773,6.482339382171631,6.372409571427607,0.05276373368598408,0.07080104619951644
p7_img20,data/raw/p7_img20.png,9.447211265563965,9.226911898338395,8.695457458496094,8.448520174292703,7.149456024169922,7.346304125629231,1.096143655714602,1.1952692534151292
p7_img21,data/raw/p7_img21.png,8.148421287536621,8.07926953709725,7.763584613800049,7.892417639398586,7.547325134277344,7.288192490298323,0.5223873470243326,0.5943813899314595
p7_img22,data/raw/p7_img22.png,7.873608112335205,7.979243354856208,8.604291915893555,8.34183791989669,8.807488441467285,8.058444337465092,0.9330971137602236,0.8771340116925584
p7_img23,data/raw/p7_img23.png,7.327583312988281,7.375461677462449,8.518589973449707,8.428474283747404,7.78401517868042,7.702598175985029,0.41135206969632176,0.5355748429321697
p7_img24,data/raw/p7_img24.png,7.778435707092285,7.4378584898639675,8.306451797485352,7.835570165232125,8.640395164489746,7.7735055624607705,0.7915294058153394,0.46697548055228194
p7_img25,data/raw/p7_img25.png,7.488031387329102,7.378762548459424,7.9271979331970215,7.9070425600352445,8.089962005615234,8.234491995690982,0.4487990403090367,0.5978394615986414
p7_img26,data/raw/p7_img26.png,8.080229759216309,7.93829595680627,7.8181376457214355,7.741224411213278,7.628639221191406,7.259719187547833,0.5291487848758096,0.49779956868339764
p7_img27,data/raw/p7_img27.png,7.276912212371826,7.262220508742093,7.646447658538818,7.591524538625729,6.33074951171875,5.859455495386436,-0.18798985733990667,-0.24000720801526784
p7_img28,data/raw/p7_img28.png,7.8230366706848145,7.599711041570379,8.447349548339844,8.341965693221104,7.331613063812256,7.63337505065954,0.4634782301129401,0.5900711857899835
p7_img29,data/raw/p7_img29.png,7.70569372177124,7.822465336666978,8.131689071655273,8.156700253005893,6.9223198890686035,7.940794429991415,0.24091073105194286,0.7400437227820835
p7_img3,data/raw/p7_img3.png,7.394956111907959,7.437346139725391,7.684348106384277,7.387396085652117,7.65958309173584,7.310684544437099,0.24361148728993767,0.23714917618802858
p7_img4,data/raw/p7_img4.png,8.895727157592773,8.947175605943197,5.588420391082764,4.663755787934498,7.5598225593566895,7.329897913525424,0.40518402634999084,0.33347026430313526
p7_img5,data/raw/p7_img5.png,8.155028343200684,7.935579492890784,8.14399242401123,8.021185572447868,6.702085971832275,7.0234601209486085,0.35689656334833536,0.47909450218682953
p7_img6,data/raw/p7_img6.png,8.076974868774414,8.112976409626913,7.884821891784668,7.746729434075489,7.301215171813965,7.273176598137088,0.4474063056259576,0.5751750678488948
p7_img7,data/raw/p7_img7.png,8.272761344909668,8.109308126351026,8.06546401977539,8.328737445279291,8.134095191955566,8.643293237702455,0.7955721116139691,1.1075529862654323
p7_img8,data/raw/p7_img8.png,8.054649353027344,7.973310440235523,8.28701114654541,8.381760106379271,8.464674949645996,8.075518557045598,0.8462116130191141,0.8877338231658912
p7_img9,data/raw/p7_img9.png,8.611627578735352,8.281016954191283,8.104522705078125,8.165942082227613,8.01003646850586,7.307071092646506,0.9006690952324544,0.7370894348838872
p8_img0,data/raw/p8_img0.png,7.570239067077637,7.592624870312027,8.423385620117188,8.137873327149213,7.548996448516846,6.669971134308337,0.4215766955764726,0.25190918081840524
p8_img1,data/raw/p8_img1.png,7.510342121124268,7.465065202456436,7.77208948135376,7.854449105566525,7.019195079803467,5.924135089204609,0.12338471180037662,-0.08488446874186983
p8_img10,data/raw/p8_img10.png,8.253219604492188,8.198474495608787,8.175868034362793,8.301706567984775,8.868903160095215,8.34144061817374,1.0179797580851528,1.046588076618088
p8_img11,data/raw/p8_img11.png,8.384521484375,8.223387121949461,8.058359146118164,7.955293475580191,7.9828267097473145,8.272560031885668,0.7950328643478982,0.9679305956761096
p8_img12,data/raw/p8_img12.png,6.8901238441467285,6.844200801453871,7.130346298217773,6.910907507817775,8.63461971282959,8.12189646355665,0.2175061690265554,0.1473866185052143
p8_img13,data/raw/p8_img13.png,7.812126636505127,7.7560579748025935,8.560466766357422,8.436711467606086,8.630112648010254,7.883392078073231,0.8501671611924108,0.749849505050361
p8_img14,data/raw/p8_img14.png,8.117374420166016,7.934376341498155,8.315160751342773,8.330255477933674,7.807777404785156,7.901804022091384,0.6892837586915744,0.8083206036693525
p8_img15,data/raw/p8_img15.png,7.8746018409729,7.875698118240405,7.809225559234619,8.159904316147667,7.383057594299316,7.419679882839018,0.3768997273292965,0.6029533985557641
p8_img16,data/raw/p8_img16.png,7.678232192993164,7.642225800884368,7.4643778800964355,7.411771215731868,6.252551555633545,6.424770662092611,-0.08742521245347774,0.05505674697545918
p8_img17,data/raw/p8_img17.png,8.48435115814209,7.975121366479911,8.542112350463867,8.668402817254949,8.518720626831055,8.615592389088812,1.0787397903656022,1.1101396350982418
p8_img18,data/raw/p8_img18.png,7.923867702484131,7.620699385266794,8.086932182312012,8.068380646465977,6.963457107543945,7.251992382530905,0.32970089308814404,0.4282784696755857
p8_img19,data/raw/p8_img19.png,8.136775970458984,8.12547823279755,8.226034164428711,8.15987416928133,7.499969005584717,7.436925769933502,0.5923579465650074,0.7114350463235443
p8_img2,data/raw/p8_img2.png,7.597676753997803,7.584977729573336,8.063034057617188,7.9372153736553095,6.829455375671387,7.222527787163922,0.15904082892646412,0.3788021093995166
p8_img20,data/raw/p8_img20.png,7.769420146942139,7.7322761470117385,8.201085090637207,8.037678524728872,6.926072597503662,7.031887390045731,0.2801899839030642,0.4009080825071935
p8_img21,data/raw/p8_img21.png,8.102356910705566,8.121191271560857,7.9443745613098145,7.940430232306059,7.588645935058594,7.472905253772844,0.550477477967065,0.6777159055664392
p8_img22,data/raw/p8_img22.png,7.815184116363525,7.548323657427378,7.735278606414795,7.435412892902618,8.619549751281738,8.549977666745022,0.6913118689473494,0.6722259442835622
p8_img23,data/raw/p8_img23.png,8.128484725952148,7.9307093669614925,8.06164836883545,8.123413377721427,8.165703773498535,8.287360798674928,0.747229679419032,0.8844645455553355
p8_img24,data/raw/p8_img24.png,7.937113285064697,7.714278577741927,8.116813659667969,8.092339312671584,6.4833807945251465,6.916004886298062,0.20399665661591568,0.36866066811224424
p8_img25,data/raw/p8_img25.png,7.751863479614258,7.739027784995879,7.647219657897949,7.480525345855686,7.940833568572998,7.726618259251676,0.45660339992114646,0.5075094966821235
p8_img26,data/raw/p8_img26.png,7.8858113288879395,7.7777756607269675,7.780318737030029,7.536949023430667,7.792806148529053,7.188844909964554,0.4923755848958861,0.3697511030044212
p8_img27,data/raw/p8_img27.png,8.010393142700195,7.791236854876556,8.732514381408691,8.581562596186183,7.792823791503906,8.12765517676027,0.7224840357932832,0.8676135886556496
p8_img28,data/raw/p8_img28.png,7.183425426483154,7.061940662852172,7.231282711029053,7.238019725149148,7.65797233581543,7.427854553343308,0.07392831856668468,0.08869960967733576
p8_img29,data/raw/p8_img29.png,7.688432216644287,7.595168951221289,8.088829040527344,8.237947780360598,7.5879807472229,7.301165178055265,0.41537056570468894,0.46600787246006714
p8_img3,data/raw/p8_img3.png,7.716864109039307,7.78056801965094,8.158409118652344,7.796560525168595,8.066819190979004,7.525876196182978,0.5760049627413762,0.5250399218894928
p8_img4,data/raw/p8_img4.png,7.878803730010986,7.83725942656972,7.586556911468506,7.640332750468145,7.3770036697387695,7.243869961604473,0.3344477274566513,0.4314384825933087
p8_img5,data/raw/p8_img5.png,8.619393348693848,8.09878706897147,7.799533367156982,7.9070705031673425,9.010642051696777,8.470833359938899,1.1303568348191073,0.9677727800451129
p8_img6,data/raw/p8_img6.png,8.020628929138184,8.043145028499769,7.823295593261719,7.962238479905609,8.575409889221191,7.9109649695855895,0.7761145130286665,0.7839975350592733
p8_img7,data/raw/p8_img7.png,7.89717435836792,7.726550856772149,8.204445838928223,7.8086242900039124,7.7871174812316895,7.771534809288341,0.5759353420189176,0.580373951814796
p8_img8,data/raw/p8_img8.png,8.312395095825195,8.2136224440728,8.47459602355957,8.335921620614545,8.048611640930176,8.104580296876199,0.8646677343409724,0.9869539552864403
p8_img9,data/raw/p8_img9.png,7.8486714363098145,7.876299244624996,8.094257354736328,8.208439868004934,7.7321038246154785,7.3703681060745785,0.5202812147256424,0.5975936017452321
p9_img0,data/raw/p9_img0.png,7.028778076171875,6.9966475342224586,7.220627307891846,7.161016289870747,6.148167133331299,6.018072040597122,-0.4183386712176753,-0.3854301629500833
p9_img1,data/raw/p9_img1.png,7.472877502441406,7.4577995295511075,7.669455528259277,7.740923948548582,7.492965221405029,6.974956442154016,0.22394577756121273,0.21193877649817364
p9_img10,data/raw/p9_img10.png,7.389111042022705,7.2441288125880945,7.778817176818848,7.764037450620685,6.685842514038086,6.598378088006612,-0.0177453429283889,0.012768227940875685
p9_img11,data/raw/p9_img11.png,7.131767272949219,7.034855103093093,8.175128936767578,8.452668710270965,6.48496675491333,6.033120704441949,-0.10044440320058916,-0.11208017292425533
p9_img12,data/raw/p9_img12.png,6.387655735015869,6.3951416804554775,6.728926181793213,6.4269199591217046,5.191169738769531,5.171999542237348,-1.035753187299095,-1.0370231241699124
p9_img13,data/raw/p9_img13.png,7.471515655517578,7.521464733824978,8.031394958496094,7.960146782233225,8.027976036071777,7.389400120763351,0.4445137059569226,0.4081944539014015
p9_img14,data/raw/p9_img14.png,7.620178699493408,7.324163182261476,8.022350311279297,7.705660765309734,7.0705437660217285,6.709163729653193,0.22871992161779642,0.06835767497269066
p9_img15,data/raw/p9_img15.png,7.674685955047607,7.797150032941518,8.250003814697266,8.173530598976907,6.059053421020508,6.037981588647296,0.005650626839203403,0.14970288360135875
p9_img16,data/raw/p9_img16.png,6.880091190338135,7.0934915886866685,8.374058723449707,8.123957885840008,6.650233745574951,6.42344633641008,-0.11431264086692888,-0.03259889479642462
p9_img17,data/raw/p9_img17.png,6.979987621307373,7.006632147084494,7.624959468841553,7.458678338534105,5.694649696350098,5.913212571659512,-0.48956202087160944,-0.35514947464031094
p9_img18,data/raw/p9_img18.png,7.361098766326904,7.164212436814401,7.937803745269775,7.851292828651467,6.8252854347229,5.747404232266913,0.04119532345865867,-0.26397111153660846
p9_img19,data/raw/p9_img19.png,6.8773908615112305,6.650366610795758,6.607369899749756,6.773560971852371,5.272709369659424,6.002231492298689,-0.843532910914821,-0.6092359388633352
p9_img2,data/raw/p9_img2.png,7.126917362213135,6.7527865980099095,7.765925407409668,7.323285413374799,5.2229461669921875,5.230825791217885,-0.5392893176092862,-0.6956850003900802
p9_img20,data/raw/p9_img20.png,6.976359844207764,6.838669380758323,7.119726657867432,6.83817704535509,2.6830761432647705,2.7849760257861353,-1.443975870499396,-1.5048103212576898
p9_img21,data/raw/p9_img21.png,7.46674919128418,7.205514784556007,7.452202320098877,7.516901343067875,7.030819416046143,6.758249365067522,0.048706725900079274,-0.0025864255258843255
p9_img22,data/raw/p9_img22.png,7.58281135559082,7.674079783308339,8.157215118408203,8.344943968783793,7.142822742462158,6.949662431354106,0.26029004554841534,0.41183608987557935
p9_img23,data/raw/p9_img23.png,7.432979583740234,7.4842833810721405,7.5141520500183105,7.6610131693085695,7.098974227905273,6.649757493089563,0.0666379153449782,0.10756425090936135
p9_img24,data/raw/p9_img24.png,7.689364433288574,7.556104211894393,8.041553497314453,8.235221661037627,6.976037979125977,7.005118875278123,0.23263262376620045,0.3586008017089348
p9_img25,data/raw/p9_img25.png,7.136588096618652,7.245434020580074,7.471623420715332,7.556909332254755,6.0241780281066895,5.971687889191103,-0.3635447196770263,-0.21932462439055778
p9_img26,data/raw/p9_img26.png,7.266768932342529,7.133401318060413,7.323909759521484,7.204599686838039,7.030831813812256,7.095042526573702,-0.054171927726197784,0.009679488796892446
p9_img27,data/raw/p9_img27.png,7.297337055206299,7.206215758736589,7.819828510284424,7.694051911006297,5.9579758644104,5.204742595132582,-0.25303731570632637,-0.44372576073971387
p9_img28,data/raw/p9_img28.png,7.012232303619385,7.065955919588675,7.631971836090088,7.372514310908745,6.560221195220947,6.42184029350136,-0.22930854715526983,-0.19162750035832246
p9_img29,data/raw/p9_img29.png,7.28986120223999,7.292576097958495,7.699288845062256,8.117781780384886,6.636927604675293,6.806853484184305,-0.08574045057018487,0.16595489564486107
p9_img3,data/raw/p9_img3.png,6.4072675704956055,6.627025225295478,7.018502235412598,7.055382566188211,2.750317335128784,2.601488540908328,-1.6674026025155726,-1.605954605883114
p9_img4,data/raw/p9_img4.png,7.311764240264893,7.163601361996768,6.88311243057251,7.0162308491646375,7.457118034362793,7.79944464510148,0.0008746290217791127,0.20115429122596248
p9_img5,data/raw/p9_img5.png,7.304108142852783,7.31337747298855,7.322892665863037,7.279273491072714,6.483365535736084,5.809256039089436,-0.19547662419590486,-0.2954057089560648
p9_img6,data/raw/p9_img6.png,7.602437973022461,7.405642943926343,8.20841121673584,7.9931400809801865,5.98637056350708,5.863958696936524,-0.051292245524183246,-0.10071837309472538
p9_img7,data/raw/p9_img7.png,7.529813766479492,7.299690449463835,7.938145637512207,7.90535154832376,7.52017879486084,6.991333035008701,0.30516535452894417,0.18383253357660936
p9_img8,data/raw/p9_img8.png,7.469249248504639,7.609906917338506,8.80481243133545,8.448489973836537,6.886207580566406,6.127870941552645,0.2659720829441505,0.15373566424440088
p9_img9,data/raw/p9_img9.png,7.320350170135498,7.097928713478535,7.654369354248047,7.64903401535262,6.737026214599609,6.524798775912442,-0.05384721962461519,-0.09270995547154953
